0,1
U1718@C2733,U4082@DOM1
U1718@C2733,U162@DOM1
U1718@C2733,U1467@C3597
U1718@C2733,U882@DOM1
U1718@C2733,U4978@DOM1
U1718@C2733,U1450@DOM1
U1718@C2733,U453@DOM1
U1718@C2733,U737@DOM1
U1718@C2733,U3635@DOM1
U1718@C2733,U1048@DOM1
U1718@C2733,U7761@C2519
U1718@C2733,U218@DOM1
U1718@C2733,U1789@DOM1
U1718@C2733,U212@DOM1
U1718@C2733,U2575@DOM1
U1718@C2733,U12@DOM1
U1718@C2733,U13@DOM1
U1718@C2733,U1133@DOM1
U1718@C2733,U20@DOM1
U1718@C2733,U4112@DOM1
U1718@C2733,U1581@DOM1
U1718@C2733,U6572@DOM1
U1718@C2733,U795@DOM1
U1718@C2733,U9263@DOM1
U1718@C2733,U2231@DOM1
U1718@C2733,U6691@DOM1
U1718@C2733,U3005@DOM1
U1718@C2733,U1723@DOM1
U1718@C2733,U1145@DOM1
U1718@C2733,U1600@DOM1
U1718@C2733,U6764@DOM1
U1718@C2733,U207@DOM1
U1718@C2733,U1519@DOM1
U1718@C2733,U995@DOM1
U1718@C2733,U415@DOM1
U1718@C2733,U1592@DOM1
U1718@C2733,U7507@DOM1
U1718@C2733,U8601@DOM1
U1718@C2733,U66@DOM1
U1718@C2733,U5087@DOM1
U1718@C2733,U342@DOM1
U1718@C2733,U3406@DOM1
U1718@C2733,U5254@DOM1
U1718@C2733,U78@DOM1
U1718@C2733,U10379@C3521
U1718@C2733,U293@DOM1
U1718@C2733,U1289@DOM1
U1718@C2733,U7004@C2519
U1718@C2733,U1480@DOM1
U1718@C2733,U1569@DOM1
U1718@C2733,U4448@DOM1
U1718@C2733,U3277@C2519
U10328@DOM1,U8831@DOM1
U10328@DOM1,U5002@DOM9
U10328@DOM1,U5942@DOM1
U10328@DOM1,U463@DOM9
U10328@DOM1,U7182@DOM1
U10328@DOM1,U5002@DOM1
U10328@DOM1,U1600@DOM1
U981@DOM1,U475@DOM1
U981@DOM1,U380@DOM1
U981@DOM1,U376@DOM1
U981@DOM1,U359@DOM1
U981@DOM1,U6892@DOM1
U981@DOM1,U8020@DOM1
U981@DOM1,U7375@DOM1
U1390@DOM1,U4875@DOM1
U1390@DOM1,U5942@DOM1
U1390@DOM1,U9376@DOM1
U1390@DOM1,U7255@DOM1
U1390@DOM1,U831@DOM1
U1390@DOM1,U1382@DOM1
U1390@DOM1,U3057@DOM1
U1390@DOM1,U7192@DOM1
U1390@DOM1,U307@DOM1
U1390@DOM1,U9877@DOM1
U1390@DOM1,U8661@DOM1
U1390@DOM1,U4048@DOM1
U1390@DOM1,U314@DOM1
U1390@DOM1,U1133@DOM1
U1390@DOM1,U3005@DOM1
U1390@DOM1,U655@DOM1
U1390@DOM1,U1106@DOM1
U1390@DOM1,U1145@DOM1
U1390@DOM1,U342@DOM1
U1390@DOM1,U3406@DOM1
U1390@DOM1,U8946@DOM1
U3461@DOM1,U3162@DOM1
U3461@DOM1,U1422@DOM1
U3461@DOM1,U799@DOM1
U3461@DOM1,U1491@DOM1
U3461@DOM1,U5541@DOM1
U3461@DOM1,U7255@DOM1
U3461@DOM1,U7192@DOM1
U3461@DOM1,U3457@DOM1
U3461@DOM1,U8076@DOM1
U3461@DOM1,U4599@DOM1
U3461@DOM1,U1501@DOM1
U3461@DOM1,U1048@DOM1
U3461@DOM1,U7375@DOM1
U3461@DOM1,U4353@DOM1
U781@DOM1,U831@DOM1
U781@DOM1,U1382@DOM1
U781@DOM1,U8661@DOM1
U781@DOM1,U623@DOM1
U781@DOM1,U342@DOM1
U781@DOM1,U2758@DOM1
U8921@DOM1,U207@DOM1
U475@DOM1,U5002@DOM9
U475@DOM1,U380@DOM1
U475@DOM1,U8792@DOM1
U475@DOM1,U854@DOM1
U475@DOM1,U376@DOM1
U475@DOM1,U359@DOM1
U475@DOM1,U831@DOM1
U475@DOM1,U8020@DOM1
U475@DOM1,U8661@DOM1
U475@DOM1,U455@DOM1
U475@DOM1,U623@DOM1
U475@DOM1,U5002@DOM1
U475@DOM1,U3406@DOM1
U475@DOM1,U1480@DOM1
U1745@DOM1,U2943@DOM1
U1745@DOM1,U7765@DOM1
U1745@DOM1,U5318@DOM1
U1745@DOM1,U5147@DOM1
U1745@DOM1,U5521@DOM1
U1745@DOM1,U8717@DOM1
U1745@DOM1,U7420@DOM1
U1745@DOM1,U7450@DOM1
U1745@DOM1,U9867@DOM1
U1745@DOM1,U4045@DOM1
U1745@DOM1,U3603@DOM1
U1745@DOM1,U3904@DOM1
U1745@DOM1,U2664@DOM1
U1745@DOM1,U7373@DOM1
U1745@DOM1,U2348@DOM1
U1745@DOM1,U6134@DOM1
U1745@DOM1,U5496@DOM1
U1745@DOM1,U7427@DOM1
U1745@DOM1,U4943@DOM1
U1745@DOM1,U3671@DOM1
U1745@DOM1,U3694@DOM1
U1745@DOM1,U1940@DOM1
U1745@DOM1,U3248@DOM1
U1745@DOM1,U708@DOM1
U1745@DOM1,U6039@DOM1
U1745@DOM1,U7066@DOM1
U1745@DOM1,U2390@DOM1
U1745@DOM1,U3590@DOM1
U1745@DOM1,U6384@DOM1
U1745@DOM1,U4082@DOM1
U1745@DOM1,U586@DOM1
U1745@DOM1,U1592@DOM1
U1745@DOM1,U2758@DOM1
U1745@DOM1,U9947@DOM1
U2943@DOM1,U7765@DOM1
U2943@DOM1,U5318@DOM1
U2943@DOM1,U5147@DOM1
U2943@DOM1,U5521@DOM1
U2943@DOM1,U8717@DOM1
U2943@DOM1,U7450@DOM1
U2943@DOM1,U9867@DOM1
U2943@DOM1,U4045@DOM1
U2943@DOM1,U3603@DOM1
U2943@DOM1,U3904@DOM1
U2943@DOM1,U2664@DOM1
U2943@DOM1,U7373@DOM1
U2943@DOM1,U2348@DOM1
U2943@DOM1,U6134@DOM1
U2943@DOM1,U5496@DOM1
U2943@DOM1,U4943@DOM1
U2943@DOM1,U3671@DOM1
U2943@DOM1,U3694@DOM1
U2943@DOM1,U1940@DOM1
U2943@DOM1,U3248@DOM1
U2943@DOM1,U708@DOM1
U2943@DOM1,U6039@DOM1
U2943@DOM1,U7066@DOM1
U2943@DOM1,U2390@DOM1
U2943@DOM1,U3590@DOM1
U2943@DOM1,U6384@DOM1
U2943@DOM1,U4082@DOM1
U2943@DOM1,U586@DOM1
U2943@DOM1,U9947@DOM1
U1916@DOM1,U4045@DOM1
U1916@DOM1,U7373@DOM1
U1916@DOM1,U7427@DOM1
U1916@DOM1,U3671@DOM1
U1916@DOM1,U7510@DOM1
U1916@DOM1,U737@DOM1
U1916@DOM1,U1048@DOM1
U1916@DOM1,U2575@DOM1
U1916@DOM1,U9263@DOM1
U1916@DOM1,U7375@DOM1
U1916@DOM1,U8601@DOM1
U1916@DOM1,U9947@DOM1
U7765@DOM1,U5318@DOM1
U7765@DOM1,U5147@DOM1
U7765@DOM1,U5521@DOM1
U7765@DOM1,U8717@DOM1
U7765@DOM1,U7450@DOM1
U7765@DOM1,U9867@DOM1
U7765@DOM1,U4045@DOM1
U7765@DOM1,U3603@DOM1
U7765@DOM1,U3904@DOM1
U7765@DOM1,U2664@DOM1
U7765@DOM1,U7373@DOM1
U7765@DOM1,U2348@DOM1
U7765@DOM1,U6134@DOM1
U7765@DOM1,U5496@DOM1
U7765@DOM1,U7427@DOM1
U7765@DOM1,U4943@DOM1
U7765@DOM1,U3694@DOM1
U7765@DOM1,U1940@DOM1
U7765@DOM1,U3248@DOM1
U7765@DOM1,U708@DOM1
U7765@DOM1,U6039@DOM1
U7765@DOM1,U2390@DOM1
U7765@DOM1,U3590@DOM1
U7765@DOM1,U6384@DOM1
U7765@DOM1,U4082@DOM1
U7765@DOM1,U586@DOM1
U7765@DOM1,U9947@DOM1
U1802@DOM1,U8792@DOM1
U1802@DOM1,U5002@DOM1
U1802@DOM1,U1106@DOM1
U1802@DOM1,U1025@DOM1
U3162@DOM1,U1422@DOM1
U3162@DOM1,U799@DOM1
U3162@DOM1,U1491@DOM1
U3162@DOM1,U5541@DOM1
U3162@DOM1,U359@DOM1
U3162@DOM1,U7192@DOM1
U3162@DOM1,U3457@DOM1
U3162@DOM1,U8076@DOM1
U3162@DOM1,U4599@DOM1
U3162@DOM1,U3958@DOM1
U3162@DOM1,U1501@DOM1
U3162@DOM1,U1048@DOM1
U3162@DOM1,U7375@DOM1
U3162@DOM1,U8601@DOM1
U3162@DOM1,U4353@DOM1
U1422@DOM1,U799@DOM1
U1422@DOM1,U1491@DOM1
U1422@DOM1,U5541@DOM1
U1422@DOM1,U7255@DOM1
U1422@DOM1,U7192@DOM1
U1422@DOM1,U3457@DOM1
U1422@DOM1,U8076@DOM1
U1422@DOM1,U4599@DOM1
U1422@DOM1,U1501@DOM1
U1422@DOM1,U1048@DOM1
U1422@DOM1,U4353@DOM1
U799@DOM1,U7255@DOM1
U799@DOM1,U4599@DOM1
U799@DOM1,U1501@DOM1
U799@DOM1,U1048@DOM1
U799@DOM1,U4353@DOM1
U8831@DOM1,U5002@DOM9
U8831@DOM1,U4629@DOM1
U8831@DOM1,U5942@DOM1
U8831@DOM1,U463@DOM9
U8831@DOM1,U7182@DOM1
U8831@DOM1,U7562@DOM1
U8831@DOM1,U307@DOM1
U8831@DOM1,U5002@DOM1
U8831@DOM1,U4251@DOM1
U8831@DOM1,U453@DOM1
U8831@DOM1,U1600@DOM1
U4875@DOM1,U7255@DOM1
U4875@DOM1,U4048@DOM1
U4875@DOM1,U314@DOM1
U4875@DOM1,U1133@DOM1
U4875@DOM1,U3406@DOM1
U5318@DOM1,U5147@DOM1
U5318@DOM1,U5521@DOM1
U5318@DOM1,U8717@DOM1
U5318@DOM1,U7420@DOM1
U5318@DOM1,U7450@DOM1
U5318@DOM1,U9867@DOM1
U5318@DOM1,U4045@DOM1
U5318@DOM1,U3603@DOM1
U5318@DOM1,U3904@DOM1
U5318@DOM1,U2664@DOM1
U5318@DOM1,U7373@DOM1
U5318@DOM1,U2348@DOM1
U5318@DOM1,U6134@DOM1
U5318@DOM1,U5496@DOM1
U5318@DOM1,U7427@DOM1
U5318@DOM1,U4943@DOM1
U5318@DOM1,U3671@DOM1
U5318@DOM1,U3694@DOM1
U5318@DOM1,U1940@DOM1
U5318@DOM1,U3248@DOM1
U5318@DOM1,U708@DOM1
U5318@DOM1,U6039@DOM1
U5318@DOM1,U7066@DOM1
U5318@DOM1,U2390@DOM1
U5318@DOM1,U3590@DOM1
U5318@DOM1,U6384@DOM1
U5318@DOM1,U4082@DOM1
U5318@DOM1,U586@DOM1
U5318@DOM1,U7375@DOM1
U5318@DOM1,U1592@DOM1
U5318@DOM1,U2758@DOM1
U5318@DOM1,U9947@DOM1
U5002@DOM9,U8434@DOM1
U5002@DOM9,U4629@DOM1
U5002@DOM9,U5942@DOM1
U5002@DOM9,U463@DOM9
U5002@DOM9,U7182@DOM1
U5002@DOM9,U7562@DOM1
U5002@DOM9,U5652@DOM9
U5002@DOM9,U3975@DOM1
U5002@DOM9,U9828@DOM1
U5002@DOM9,U359@DOM1
U5002@DOM9,U6521@DOM1
U5002@DOM9,U307@DOM1
U5002@DOM9,U8020@DOM1
U5002@DOM9,U455@DOM1
U5002@DOM9,U623@DOM1
U5002@DOM9,U50@DOM1
U5002@DOM9,U5002@DOM1
U5002@DOM9,U4251@DOM1
U5002@DOM9,U453@DOM1
U5002@DOM9,U2575@DOM1
U5002@DOM9,U1600@DOM1
U5002@DOM9,U3486@DOM1
U5002@DOM9,U7507@DOM1
U5002@DOM9,U66@DOM1
U5002@DOM9,U78@DOM1
U5002@DOM9,U8840@DOM1
U5002@DOM9,U1480@DOM1
U5002@DOM9,U2758@DOM1
U5147@DOM1,U5521@DOM1
U5147@DOM1,U8717@DOM1
U5147@DOM1,U7450@DOM1
U5147@DOM1,U9867@DOM1
U5147@DOM1,U4045@DOM1
U5147@DOM1,U3603@DOM1
U5147@DOM1,U2664@DOM1
U5147@DOM1,U2348@DOM1
U5147@DOM1,U6134@DOM1
U5147@DOM1,U5496@DOM1
U5147@DOM1,U7427@DOM1
U5147@DOM1,U4943@DOM1
U5147@DOM1,U3694@DOM1
U5147@DOM1,U1940@DOM1
U5147@DOM1,U3248@DOM1
U5147@DOM1,U7066@DOM1
U5147@DOM1,U3590@DOM1
U5147@DOM1,U6384@DOM1
U5147@DOM1,U4082@DOM1
U5147@DOM1,U2758@DOM1
U5521@DOM1,U8717@DOM1
U5521@DOM1,U7450@DOM1
U5521@DOM1,U9867@DOM1
U5521@DOM1,U4045@DOM1
U5521@DOM1,U3603@DOM1
U5521@DOM1,U3904@DOM1
U5521@DOM1,U2664@DOM1
U5521@DOM1,U7373@DOM1
U5521@DOM1,U2348@DOM1
U5521@DOM1,U6134@DOM1
U5521@DOM1,U5496@DOM1
U5521@DOM1,U4943@DOM1
U5521@DOM1,U3671@DOM1
U5521@DOM1,U3694@DOM1
U5521@DOM1,U1940@DOM1
U5521@DOM1,U3248@DOM1
U5521@DOM1,U708@DOM1
U5521@DOM1,U6039@DOM1
U5521@DOM1,U7066@DOM1
U5521@DOM1,U2390@DOM1
U5521@DOM1,U3590@DOM1
U5521@DOM1,U6384@DOM1
U5521@DOM1,U4082@DOM1
U5521@DOM1,U586@DOM1
U5521@DOM1,U2758@DOM1
U5521@DOM1,U9947@DOM1
U8717@DOM1,U7450@DOM1
U8717@DOM1,U9867@DOM1
U8717@DOM1,U4045@DOM1
U8717@DOM1,U3603@DOM1
U8717@DOM1,U3904@DOM1
U8717@DOM1,U2664@DOM1
U8717@DOM1,U7373@DOM1
U8717@DOM1,U2348@DOM1
U8717@DOM1,U6134@DOM1
U8717@DOM1,U5496@DOM1
U8717@DOM1,U4943@DOM1
U8717@DOM1,U3671@DOM1
U8717@DOM1,U3694@DOM1
U8717@DOM1,U1940@DOM1
U8717@DOM1,U3248@DOM1
U8717@DOM1,U708@DOM1
U8717@DOM1,U6039@DOM1
U8717@DOM1,U7066@DOM1
U8717@DOM1,U2390@DOM1
U8717@DOM1,U3590@DOM1
U8717@DOM1,U6384@DOM1
U8717@DOM1,U4082@DOM1
U8717@DOM1,U586@DOM1
U8717@DOM1,U1592@DOM1
U8717@DOM1,U2758@DOM1
U8717@DOM1,U9947@DOM1
U4018@DOM1,U7182@DOM1
U4018@DOM1,U2348@DOM1
U4018@DOM1,U3457@DOM1
U4018@DOM1,U4599@DOM1
U4018@DOM1,U1145@DOM1
U8434@DOM1,U6521@DOM1
U8434@DOM1,U307@DOM1
U8434@DOM1,U5002@DOM1
U8434@DOM1,U162@DOM1
U8434@DOM1,U24@DOM1
U8434@DOM1,U12@DOM1
U8434@DOM1,U207@DOM1
U8434@DOM1,U374@DOM1
U8434@DOM1,U78@DOM1
U1491@DOM1,U5541@DOM1
U1491@DOM1,U8076@DOM1
U1491@DOM1,U4599@DOM1
U1491@DOM1,U3958@DOM1
U1491@DOM1,U2735@DOM1
U1491@DOM1,U1501@DOM1
U1491@DOM1,U314@DOM1
U1491@DOM1,U1048@DOM1
U1491@DOM1,U3005@DOM1
U1491@DOM1,U7375@DOM1
U1491@DOM1,U8601@DOM1
U1491@DOM1,U4353@DOM1
U5541@DOM1,U3457@DOM1
U5541@DOM1,U8076@DOM1
U5541@DOM1,U4599@DOM1
U5541@DOM1,U3958@DOM1
U5541@DOM1,U1501@DOM1
U5541@DOM1,U1048@DOM1
U5541@DOM1,U7375@DOM1
U5541@DOM1,U4353@DOM1
U380@DOM1,U376@DOM1
U380@DOM1,U8020@DOM1
U380@DOM1,U314@DOM1
U380@DOM1,U24@DOM1
U4629@DOM1,U8792@DOM1
U4629@DOM1,U7562@DOM1
U4629@DOM1,U3958@DOM1
U4629@DOM1,U5002@DOM1
U4629@DOM1,U4251@DOM1
U4629@DOM1,U13@DOM1
U4629@DOM1,U1480@DOM1
U5942@DOM1,U463@DOM9
U5942@DOM1,U7182@DOM1
U5942@DOM1,U7066@DOM1
U5942@DOM1,U50@DOM1
U5942@DOM1,U5002@DOM1
U5942@DOM1,U3005@DOM1
U5942@DOM1,U1600@DOM1
U5942@DOM1,U1480@DOM1
U463@DOM9,U8792@DOM1
U463@DOM9,U7182@DOM1
U463@DOM9,U7373@DOM1
U463@DOM9,U4844@DOM1
U463@DOM9,U5652@DOM9
U463@DOM9,U3975@DOM1
U463@DOM9,U9828@DOM1
U463@DOM9,U7255@DOM1
U463@DOM9,U359@DOM1
U463@DOM9,U7192@DOM1
U463@DOM9,U307@DOM1
U463@DOM9,U4599@DOM1
U463@DOM9,U8020@DOM1
U463@DOM9,U4082@DOM1
U463@DOM9,U9780@DOM1
U463@DOM9,U455@DOM1
U463@DOM9,U50@DOM1
U463@DOM9,U5002@DOM1
U463@DOM9,U4251@DOM1
U463@DOM9,U453@DOM1
U463@DOM9,U2575@DOM1
U463@DOM9,U3206@DOM1
U463@DOM9,U12@DOM1
U463@DOM9,U20@DOM1
U463@DOM9,U1145@DOM1
U463@DOM9,U1600@DOM1
U463@DOM9,U207@DOM1
U463@DOM9,U3486@DOM1
U463@DOM9,U7507@DOM1
U463@DOM9,U78@DOM1
U463@DOM9,U1480@DOM1
U1813@DOM1,U5941@DOM1
U1813@DOM1,U6764@DOM1
U8792@DOM1,U7182@DOM1
U8792@DOM1,U831@DOM1
U8792@DOM1,U8020@DOM1
U8792@DOM1,U8661@DOM1
U8792@DOM1,U455@DOM1
U8792@DOM1,U623@DOM1
U8792@DOM1,U5002@DOM1
U8792@DOM1,U4251@DOM1
U8792@DOM1,U453@DOM1
U8792@DOM1,U737@DOM1
U8792@DOM1,U1600@DOM1
U8792@DOM1,U1025@DOM1
U8792@DOM1,U3486@DOM1
U8792@DOM1,U1480@DOM1
U7420@DOM1,U7450@DOM1
U7420@DOM1,U3603@DOM1
U7420@DOM1,U3904@DOM1
U7420@DOM1,U2348@DOM1
U7420@DOM1,U1940@DOM1
U7420@DOM1,U3057@DOM1
U7420@DOM1,U3590@DOM1
U7420@DOM1,U6384@DOM1
U7420@DOM1,U314@DOM1
U7420@DOM1,U8777@DOM1
U7450@DOM1,U9867@DOM1
U7450@DOM1,U4045@DOM1
U7450@DOM1,U3603@DOM1
U7450@DOM1,U3904@DOM1
U7450@DOM1,U2664@DOM1
U7450@DOM1,U7373@DOM1
U7450@DOM1,U2348@DOM1
U7450@DOM1,U6134@DOM1
U7450@DOM1,U5496@DOM1
U7450@DOM1,U4943@DOM1
U7450@DOM1,U3671@DOM1
U7450@DOM1,U3694@DOM1
U7450@DOM1,U1940@DOM1
U7450@DOM1,U3248@DOM1
U7450@DOM1,U6039@DOM1
U7450@DOM1,U7066@DOM1
U7450@DOM1,U2390@DOM1
U7450@DOM1,U3590@DOM1
U7450@DOM1,U6384@DOM1
U7450@DOM1,U4082@DOM1
U7450@DOM1,U586@DOM1
U7450@DOM1,U2758@DOM1
U7182@DOM1,U2348@DOM1
U7182@DOM1,U4844@DOM1
U7182@DOM1,U5652@DOM9
U7182@DOM1,U9828@DOM1
U7182@DOM1,U5941@DOM1
U7182@DOM1,U307@DOM1
U7182@DOM1,U3457@DOM1
U7182@DOM1,U4599@DOM1
U7182@DOM1,U9780@DOM1
U7182@DOM1,U50@DOM1
U7182@DOM1,U5002@DOM1
U7182@DOM1,U453@DOM1
U7182@DOM1,U737@DOM1
U7182@DOM1,U1106@DOM1
U7182@DOM1,U1145@DOM1
U7182@DOM1,U1600@DOM1
U7182@DOM1,U3486@DOM1
U7182@DOM1,U1480@DOM1
U9867@DOM1,U3603@DOM1
U9867@DOM1,U2664@DOM1
U9867@DOM1,U7373@DOM1
U9867@DOM1,U2348@DOM1
U9867@DOM1,U6134@DOM1
U9867@DOM1,U5496@DOM1
U9867@DOM1,U7427@DOM1
U9867@DOM1,U4943@DOM1
U9867@DOM1,U3671@DOM1
U9867@DOM1,U3694@DOM1
U9867@DOM1,U1940@DOM1
U9867@DOM1,U3248@DOM1
U9867@DOM1,U708@DOM1
U9867@DOM1,U7066@DOM1
U9867@DOM1,U2390@DOM1
U9867@DOM1,U3590@DOM1
U9867@DOM1,U6384@DOM1
U9867@DOM1,U4082@DOM1
U9867@DOM1,U586@DOM1
U9867@DOM1,U2758@DOM1
U9867@DOM1,U9947@DOM1
U4045@DOM1,U3603@DOM1
U4045@DOM1,U2664@DOM1
U4045@DOM1,U7373@DOM1
U4045@DOM1,U2348@DOM1
U4045@DOM1,U6134@DOM1
U4045@DOM1,U5496@DOM1
U4045@DOM1,U4943@DOM1
U4045@DOM1,U3671@DOM1
U4045@DOM1,U3694@DOM1
U4045@DOM1,U1940@DOM1
U4045@DOM1,U3248@DOM1
U4045@DOM1,U6039@DOM1
U4045@DOM1,U7066@DOM1
U4045@DOM1,U6384@DOM1
U4045@DOM1,U586@DOM1
U4045@DOM1,U2575@DOM1
U4045@DOM1,U9263@DOM1
U4045@DOM1,U8601@DOM1
U4045@DOM1,U2758@DOM1
U4045@DOM1,U9947@DOM1
U7562@DOM1,U4251@DOM1
U7562@DOM1,U8946@DOM1
U3603@DOM1,U3904@DOM1
U3603@DOM1,U2664@DOM1
U3603@DOM1,U2348@DOM1
U3603@DOM1,U6134@DOM1
U3603@DOM1,U5496@DOM1
U3603@DOM1,U4943@DOM1
U3603@DOM1,U3694@DOM1
U3603@DOM1,U1940@DOM1
U3603@DOM1,U3248@DOM1
U3603@DOM1,U708@DOM1
U3603@DOM1,U7066@DOM1
U3603@DOM1,U2390@DOM1
U3603@DOM1,U3590@DOM1
U3603@DOM1,U6384@DOM1
U3603@DOM1,U4082@DOM1
U3603@DOM1,U586@DOM1
U3603@DOM1,U2758@DOM1
U3603@DOM1,U9947@DOM1
U3904@DOM1,U2664@DOM1
U3904@DOM1,U2348@DOM1
U3904@DOM1,U5496@DOM1
U3904@DOM1,U4943@DOM1
U3904@DOM1,U3694@DOM1
U3904@DOM1,U1940@DOM1
U3904@DOM1,U3248@DOM1
U3904@DOM1,U708@DOM1
U3904@DOM1,U6039@DOM1
U3904@DOM1,U2390@DOM1
U3904@DOM1,U3590@DOM1
U3904@DOM1,U6384@DOM1
U3904@DOM1,U4082@DOM1
U3904@DOM1,U586@DOM1
U3904@DOM1,U2758@DOM1
U2964@DOM1,U831@DOM1
U2964@DOM1,U1382@DOM1
U2964@DOM1,U7510@DOM1
U2964@DOM1,U8661@DOM1
U2964@DOM1,U2231@DOM1
U2964@DOM1,U6691@DOM1
U2964@DOM1,U655@DOM1
U2964@DOM1,U342@DOM1
U2664@DOM1,U7373@DOM1
U2664@DOM1,U2348@DOM1
U2664@DOM1,U6134@DOM1
U2664@DOM1,U5496@DOM1
U2664@DOM1,U4943@DOM1
U2664@DOM1,U3671@DOM1
U2664@DOM1,U3694@DOM1
U2664@DOM1,U1940@DOM1
U2664@DOM1,U3248@DOM1
U2664@DOM1,U6039@DOM1
U2664@DOM1,U7066@DOM1
U2664@DOM1,U2390@DOM1
U2664@DOM1,U3590@DOM1
U2664@DOM1,U6384@DOM1
U2664@DOM1,U4082@DOM1
U2664@DOM1,U586@DOM1
U2664@DOM1,U2758@DOM1
U2664@DOM1,U9947@DOM1
U7373@DOM1,U2348@DOM1
U7373@DOM1,U5496@DOM1
U7373@DOM1,U7427@DOM1
U7373@DOM1,U4943@DOM1
U7373@DOM1,U3671@DOM1
U7373@DOM1,U3694@DOM1
U7373@DOM1,U1940@DOM1
U7373@DOM1,U3248@DOM1
U7373@DOM1,U7066@DOM1
U7373@DOM1,U6384@DOM1
U7373@DOM1,U4082@DOM1
U7373@DOM1,U586@DOM1
U7373@DOM1,U453@DOM1
U7373@DOM1,U86@DOM1
U7373@DOM1,U636@DOM1
U7373@DOM1,U9947@DOM1
U2348@DOM1,U6134@DOM1
U2348@DOM1,U5496@DOM1
U2348@DOM1,U4943@DOM1
U2348@DOM1,U3671@DOM1
U2348@DOM1,U3694@DOM1
U2348@DOM1,U1940@DOM1
U2348@DOM1,U3248@DOM1
U2348@DOM1,U708@DOM1
U2348@DOM1,U6039@DOM1
U2348@DOM1,U7066@DOM1
U2348@DOM1,U2390@DOM1
U2348@DOM1,U3590@DOM1
U2348@DOM1,U6384@DOM1
U2348@DOM1,U4082@DOM1
U2348@DOM1,U586@DOM1
U2348@DOM1,U1600@DOM1
U2348@DOM1,U2758@DOM1
U2348@DOM1,U9947@DOM1
U854@DOM1,U376@DOM1
U854@DOM1,U9263@DOM1
U854@DOM1,U3406@DOM1
U376@DOM1,U8020@DOM1
U376@DOM1,U8661@DOM1
U376@DOM1,U623@DOM1
U376@DOM1,U5002@DOM1
U376@DOM1,U453@DOM1
U376@DOM1,U3406@DOM1
U9376@DOM1,U7255@DOM1
U9376@DOM1,U3057@DOM1
U9376@DOM1,U7192@DOM1
U9376@DOM1,U314@DOM1
U9376@DOM1,U3005@DOM1
U9376@DOM1,U1106@DOM1
U9376@DOM1,U3406@DOM1
U4844@DOM1,U307@DOM1
U4844@DOM1,U1600@DOM1
U6134@DOM1,U5496@DOM1
U6134@DOM1,U4943@DOM1
U6134@DOM1,U3671@DOM1
U6134@DOM1,U3694@DOM1
U6134@DOM1,U1940@DOM1
U6134@DOM1,U3248@DOM1
U6134@DOM1,U7066@DOM1
U6134@DOM1,U6384@DOM1
U6134@DOM1,U4082@DOM1
U6134@DOM1,U586@DOM1
U6134@DOM1,U2758@DOM1
U5496@DOM1,U4943@DOM1
U5496@DOM1,U3671@DOM1
U5496@DOM1,U3694@DOM1
U5496@DOM1,U1940@DOM1
U5496@DOM1,U3248@DOM1
U5496@DOM1,U708@DOM1
U5496@DOM1,U6039@DOM1
U5496@DOM1,U7066@DOM1
U5496@DOM1,U2390@DOM1
U5496@DOM1,U3590@DOM1
U5496@DOM1,U6384@DOM1
U5496@DOM1,U4082@DOM1
U5496@DOM1,U586@DOM1
U5496@DOM1,U2758@DOM1
U5652@DOM9,U7255@DOM1
U5652@DOM9,U7192@DOM1
U5652@DOM9,U307@DOM1
U5652@DOM9,U4082@DOM1
U5652@DOM9,U9780@DOM1
U5652@DOM9,U50@DOM1
U5652@DOM9,U5002@DOM1
U5652@DOM9,U453@DOM1
U5652@DOM9,U3206@DOM1
U5652@DOM9,U12@DOM1
U5652@DOM9,U20@DOM1
U5652@DOM9,U1600@DOM1
U5652@DOM9,U7507@DOM1
U5652@DOM9,U78@DOM1
U5652@DOM9,U1480@DOM1
U3975@DOM1,U5002@DOM1
U3975@DOM1,U2758@DOM1
U6585@DOM1,U10330@DOM1
U6585@DOM1,U636@DOM1
U9828@DOM1,U50@DOM1
U9828@DOM1,U5002@DOM1
U9828@DOM1,U1600@DOM1
U7427@DOM1,U3671@DOM1
U7427@DOM1,U3694@DOM1
U7427@DOM1,U1940@DOM1
U7427@DOM1,U3248@DOM1
U7427@DOM1,U6384@DOM1
U7427@DOM1,U4082@DOM1
U7427@DOM1,U737@DOM1
U7427@DOM1,U7375@DOM1
U7427@DOM1,U9947@DOM1
U4943@DOM1,U3671@DOM1
U4943@DOM1,U3694@DOM1
U4943@DOM1,U1940@DOM1
U4943@DOM1,U3248@DOM1
U4943@DOM1,U6039@DOM1
U4943@DOM1,U7066@DOM1
U4943@DOM1,U2390@DOM1
U4943@DOM1,U3590@DOM1
U4943@DOM1,U6384@DOM1
U4943@DOM1,U4082@DOM1
U4943@DOM1,U586@DOM1
U4943@DOM1,U2758@DOM1
U4943@DOM1,U9947@DOM1
U5941@DOM1,U1382@DOM1
U5941@DOM1,U4599@DOM1
U5941@DOM1,U3723@DOM1
U5941@DOM1,U1145@DOM1
U5941@DOM1,U1600@DOM1
U3671@DOM1,U3694@DOM1
U3671@DOM1,U1940@DOM1
U3671@DOM1,U6039@DOM1
U3671@DOM1,U7066@DOM1
U3671@DOM1,U6384@DOM1
U3671@DOM1,U4082@DOM1
U3671@DOM1,U737@DOM1
U3671@DOM1,U1048@DOM1
U3671@DOM1,U86@DOM1
U3671@DOM1,U636@DOM1
U3671@DOM1,U7375@DOM1
U3671@DOM1,U9947@DOM1
U7255@DOM1,U3057@DOM1
U7255@DOM1,U7192@DOM1
U7255@DOM1,U542@DOM1
U7255@DOM1,U307@DOM1
U7255@DOM1,U3457@DOM1
U7255@DOM1,U9877@DOM1
U7255@DOM1,U4599@DOM1
U7255@DOM1,U9780@DOM1
U7255@DOM1,U4048@DOM1
U7255@DOM1,U2735@DOM1
U7255@DOM1,U1501@DOM1
U7255@DOM1,U314@DOM1
U7255@DOM1,U453@DOM1
U7255@DOM1,U114@DOM1
U7255@DOM1,U1048@DOM1
U7255@DOM1,U1133@DOM1
U7255@DOM1,U20@DOM1
U7255@DOM1,U3005@DOM1
U7255@DOM1,U655@DOM1
U7255@DOM1,U1106@DOM1
U7255@DOM1,U3406@DOM1
U7255@DOM1,U374@DOM1
U7255@DOM1,U8777@DOM1
U7255@DOM1,U4353@DOM1
U7255@DOM1,U1480@DOM1
U359@DOM1,U6892@DOM1
U359@DOM1,U4599@DOM1
U359@DOM1,U8020@DOM1
U359@DOM1,U455@DOM1
U359@DOM1,U3958@DOM1
U359@DOM1,U623@DOM1
U359@DOM1,U5002@DOM1
U359@DOM1,U1501@DOM1
U359@DOM1,U1048@DOM1
U359@DOM1,U2575@DOM1
U359@DOM1,U415@DOM1
U359@DOM1,U7375@DOM1
U359@DOM1,U1592@DOM1
U359@DOM1,U3486@DOM1
U359@DOM1,U8946@DOM1
U359@DOM1,U1480@DOM1
U437@DOM1,U1480@DOM1
U3694@DOM1,U1940@DOM1
U3694@DOM1,U3248@DOM1
U3694@DOM1,U708@DOM1
U3694@DOM1,U6039@DOM1
U3694@DOM1,U7066@DOM1
U3694@DOM1,U2390@DOM1
U3694@DOM1,U3590@DOM1
U3694@DOM1,U6384@DOM1
U3694@DOM1,U4082@DOM1
U3694@DOM1,U586@DOM1
U3694@DOM1,U1592@DOM1
U3694@DOM1,U2758@DOM1
U3694@DOM1,U9947@DOM1
U831@DOM1,U1382@DOM1
U831@DOM1,U7510@DOM1
U831@DOM1,U8020@DOM1
U831@DOM1,U8661@DOM1
U831@DOM1,U623@DOM1
U831@DOM1,U5002@DOM1
U831@DOM1,U6691@DOM1
U831@DOM1,U655@DOM1
U831@DOM1,U3486@DOM1
U831@DOM1,U8601@DOM1
U831@DOM1,U342@DOM1
U831@DOM1,U1480@DOM1
U1382@DOM1,U7510@DOM1
U1382@DOM1,U8661@DOM1
U1382@DOM1,U623@DOM1
U1382@DOM1,U6691@DOM1
U1382@DOM1,U8601@DOM1
U1382@DOM1,U342@DOM1
U1382@DOM1,U2758@DOM1
U6521@DOM1,U307@DOM1
U6521@DOM1,U5002@DOM1
U6521@DOM1,U314@DOM1
U6521@DOM1,U162@DOM1
U6521@DOM1,U114@DOM1
U6521@DOM1,U12@DOM1
U6521@DOM1,U655@DOM1
U6521@DOM1,U1145@DOM1
U6521@DOM1,U207@DOM1
U6521@DOM1,U524@DOM1
U6521@DOM1,U78@DOM1
U6521@DOM1,U8777@DOM1
U1940@DOM1,U3248@DOM1
U1940@DOM1,U708@DOM1
U1940@DOM1,U6039@DOM1
U1940@DOM1,U7066@DOM1
U1940@DOM1,U2390@DOM1
U1940@DOM1,U3590@DOM1
U1940@DOM1,U6384@DOM1
U1940@DOM1,U4082@DOM1
U1940@DOM1,U586@DOM1
U1940@DOM1,U2758@DOM1
U1940@DOM1,U9947@DOM1
U9034@DOM1,U314@DOM1
U9034@DOM1,U3005@DOM1
U9034@DOM1,U1106@DOM1
U3057@DOM1,U7192@DOM1
U3057@DOM1,U314@DOM1
U3057@DOM1,U3005@DOM1
U3057@DOM1,U1106@DOM1
U3057@DOM1,U3406@DOM1
U3057@DOM1,U8777@DOM1
U7192@DOM1,U307@DOM1
U7192@DOM1,U3457@DOM1
U7192@DOM1,U8076@DOM1
U7192@DOM1,U1501@DOM1
U7192@DOM1,U314@DOM1
U7192@DOM1,U1048@DOM1
U7192@DOM1,U3005@DOM1
U7192@DOM1,U1106@DOM1
U7192@DOM1,U7375@DOM1
U7192@DOM1,U8601@DOM1
U7192@DOM1,U3406@DOM1
U3248@DOM1,U7066@DOM1
U3248@DOM1,U2390@DOM1
U3248@DOM1,U3590@DOM1
U3248@DOM1,U6384@DOM1
U3248@DOM1,U4082@DOM1
U3248@DOM1,U586@DOM1
U3248@DOM1,U2758@DOM1
U7510@DOM1,U8661@DOM1
U7510@DOM1,U3958@DOM1
U7510@DOM1,U1501@DOM1
U7510@DOM1,U7375@DOM1
U7510@DOM1,U8601@DOM1
U708@DOM1,U7066@DOM1
U708@DOM1,U3590@DOM1
U708@DOM1,U6384@DOM1
U708@DOM1,U586@DOM1
U708@DOM1,U2758@DOM1
U542@DOM1,U314@DOM1
U307@DOM1,U623@DOM1
U307@DOM1,U5002@DOM1
U307@DOM1,U314@DOM1
U307@DOM1,U453@DOM1
U307@DOM1,U3005@DOM1
U307@DOM1,U1600@DOM1
U307@DOM1,U6764@DOM1
U307@DOM1,U3486@DOM1
U307@DOM1,U3406@DOM1
U307@DOM1,U374@DOM1
U307@DOM1,U1480@DOM1
U307@DOM1,U1569@DOM1
U6039@DOM1,U6384@DOM1
U6039@DOM1,U4082@DOM1
U6039@DOM1,U586@DOM1
U6039@DOM1,U9947@DOM1
U3457@DOM1,U8076@DOM1
U3457@DOM1,U4599@DOM1
U3457@DOM1,U2735@DOM1
U3457@DOM1,U1501@DOM1
U3457@DOM1,U1048@DOM1
U3457@DOM1,U1145@DOM1
U3457@DOM1,U7375@DOM1
U3457@DOM1,U4353@DOM1
U7066@DOM1,U3590@DOM1
U7066@DOM1,U6384@DOM1
U7066@DOM1,U4082@DOM1
U7066@DOM1,U586@DOM1
U7066@DOM1,U1592@DOM1
U7066@DOM1,U2758@DOM1
U6892@DOM1,U7375@DOM1
U2390@DOM1,U3590@DOM1
U2390@DOM1,U6384@DOM1
U2390@DOM1,U4082@DOM1
U2390@DOM1,U9947@DOM1
U9877@DOM1,U314@DOM1
U9877@DOM1,U1048@DOM1
U9877@DOM1,U3406@DOM1
U8076@DOM1,U1501@DOM1
U8076@DOM1,U349@DOM1
U8076@DOM1,U7375@DOM1
U8076@DOM1,U8601@DOM1
U8076@DOM1,U4353@DOM1
U3590@DOM1,U6384@DOM1
U3590@DOM1,U4082@DOM1
U3590@DOM1,U586@DOM1
U3590@DOM1,U1592@DOM1
U3590@DOM1,U2758@DOM1
U4599@DOM1,U9780@DOM1
U4599@DOM1,U3958@DOM1
U4599@DOM1,U1501@DOM1
U4599@DOM1,U1048@DOM1
U4599@DOM1,U1145@DOM1
U4599@DOM1,U1600@DOM1
U4599@DOM1,U7375@DOM1
U4599@DOM1,U3486@DOM1
U4599@DOM1,U4353@DOM1
U8020@DOM1,U8661@DOM1
U8020@DOM1,U455@DOM1
U8020@DOM1,U623@DOM1
U8020@DOM1,U5002@DOM1
U8020@DOM1,U2575@DOM1
U8020@DOM1,U1600@DOM1
U8020@DOM1,U3486@DOM1
U8661@DOM1,U623@DOM1
U8661@DOM1,U2735@DOM1
U8661@DOM1,U6691@DOM1
U8661@DOM1,U8601@DOM1
U8661@DOM1,U342@DOM1
U6384@DOM1,U4082@DOM1
U6384@DOM1,U586@DOM1
U6384@DOM1,U2758@DOM1
U6384@DOM1,U9947@DOM1
U4082@DOM1,U586@DOM1
U4082@DOM1,U162@DOM1
U4082@DOM1,U1467@C3597
U4082@DOM1,U882@DOM1
U4082@DOM1,U4978@DOM1
U4082@DOM1,U453@DOM1
U4082@DOM1,U86@C10
U4082@DOM1,U24@DOM1
U4082@DOM1,U737@DOM1
U4082@DOM1,U3635@DOM1
U4082@DOM1,U1048@DOM1
U4082@DOM1,U86@DOM1
U4082@DOM1,U212@DOM1
U4082@DOM1,U2575@DOM1
U4082@DOM1,U12@DOM1
U4082@DOM1,U1133@DOM1
U4082@DOM1,U737@C10
U4082@DOM1,U9407@DOM1
U4082@DOM1,U3549@DOM1
U4082@DOM1,U1581@DOM1
U4082@DOM1,U6572@DOM1
U4082@DOM1,U795@DOM1
U4082@DOM1,U9263@DOM1
U4082@DOM1,U3005@DOM1
U4082@DOM1,U655@DOM1
U4082@DOM1,U1600@DOM1
U4082@DOM1,U995@DOM1
U4082@DOM1,U1025@DOM1
U4082@DOM1,U8170@DOM1
U4082@DOM1,U7507@DOM1
U4082@DOM1,U8601@DOM1
U4082@DOM1,U66@DOM1
U4082@DOM1,U5087@DOM1
U4082@DOM1,U342@DOM1
U4082@DOM1,U3406@DOM1
U4082@DOM1,U10379@C3521
U4082@DOM1,U293@DOM1
U4082@DOM1,U1480@DOM1
U4082@DOM1,U1569@DOM1
U4082@DOM1,U4448@DOM1
U4082@DOM1,U2758@DOM1
U9780@DOM1,U1600@DOM1
U9780@DOM1,U1480@DOM1
U455@DOM1,U3958@DOM1
U455@DOM1,U623@DOM1
U455@DOM1,U5002@DOM1
U455@DOM1,U2575@DOM1
U455@DOM1,U3486@DOM1
U455@DOM1,U8946@DOM1
U3958@DOM1,U623@DOM1
U3958@DOM1,U569@DOM1
U3958@DOM1,U5002@DOM1
U3958@DOM1,U1501@DOM1
U3958@DOM1,U7375@DOM1
U3958@DOM1,U8946@DOM1
U3958@DOM1,U4353@DOM1
U3958@DOM1,U1480@DOM1
U4048@DOM1,U314@DOM1
U4048@DOM1,U1133@DOM1
U10330@DOM1,U1723@DOM1
U623@DOM1,U569@DOM1
U623@DOM1,U5002@DOM1
U623@DOM1,U737@DOM1
U623@DOM1,U3005@DOM1
U623@DOM1,U1106@DOM1
U623@DOM1,U524@DOM1
U623@DOM1,U3486@DOM1
U623@DOM1,U342@DOM1
U623@DOM1,U374@DOM1
U623@DOM1,U1480@DOM1
U623@DOM1,U2758@DOM1
U569@DOM1,U24@DOM1
U569@DOM1,U8601@DOM1
U569@DOM1,U1480@DOM1
U7317@DOM1,U1723@DOM1
U2735@DOM1,U1501@DOM1
U2735@DOM1,U1048@DOM1
U2735@DOM1,U8601@DOM1
U586@DOM1,U2758@DOM1
U50@DOM1,U5002@DOM1
U50@DOM1,U1600@DOM1
U50@DOM1,U7507@DOM1
U5002@DOM1,U453@DOM1
U5002@DOM1,U2575@DOM1
U5002@DOM1,U12@DOM1
U5002@DOM1,U655@DOM1
U5002@DOM1,U1600@DOM1
U5002@DOM1,U207@DOM1
U5002@DOM1,U1519@DOM1
U5002@DOM1,U1025@DOM1
U5002@DOM1,U3486@DOM1
U5002@DOM1,U7507@DOM1
U5002@DOM1,U66@DOM1
U5002@DOM1,U78@DOM1
U5002@DOM1,U8777@DOM1
U5002@DOM1,U8840@DOM1
U5002@DOM1,U1480@DOM1
U5002@DOM1,U2758@DOM1
U4251@DOM1,U737@DOM1
U1501@DOM1,U349@DOM1
U1501@DOM1,U1048@DOM1
U1501@DOM1,U7375@DOM1
U1501@DOM1,U8601@DOM1
U1501@DOM1,U4353@DOM1
U3723@DOM1,U1145@DOM1
U3723@DOM1,U1600@DOM1
U314@DOM1,U3718@DOM1
U314@DOM1,U162@DOM1
U314@DOM1,U2837@DOM1
U314@DOM1,U882@DOM1
U314@DOM1,U825@DOM1
U314@DOM1,U4978@DOM1
U314@DOM1,U349@DOM1
U314@DOM1,U1450@DOM1
U314@DOM1,U8777@C1500
U314@DOM1,U24@DOM1
U314@DOM1,U114@DOM1
U314@DOM1,U737@DOM1
U314@DOM1,U3635@DOM1
U314@DOM1,U1048@DOM1
U314@DOM1,U218@DOM1
U314@DOM1,U4856@DOM1
U314@DOM1,U212@DOM1
U314@DOM1,U2575@DOM1
U314@DOM1,U3905@DOM1
U314@DOM1,U9763@DOM1
U314@DOM1,U1133@DOM1
U314@DOM1,U4112@DOM1
U314@DOM1,U6572@DOM1
U314@DOM1,U795@DOM1
U314@DOM1,U3005@DOM1
U314@DOM1,U1723@DOM1
U314@DOM1,U655@DOM1
U314@DOM1,U1106@DOM1
U314@DOM1,U1600@DOM1
U314@DOM1,U7394@DOM1
U314@DOM1,U250@DOM1
U314@DOM1,U995@DOM1
U314@DOM1,U8777@C3388
U314@DOM1,U288@DOM1
U314@DOM1,U7375@DOM1
U314@DOM1,U8777@C583
U314@DOM1,U7507@DOM1
U314@DOM1,U8601@DOM1
U314@DOM1,U66@DOM1
U314@DOM1,U5087@DOM1
U314@DOM1,U342@DOM1
U314@DOM1,U3406@DOM1
U314@DOM1,U642@DOM1
U314@DOM1,U5254@DOM1
U314@DOM1,U374@DOM1
U314@DOM1,U78@DOM1
U314@DOM1,U8777@DOM1
U314@DOM1,U10379@C3521
U314@DOM1,U293@DOM1
U314@DOM1,U8946@DOM1
U314@DOM1,U4353@DOM1
U314@DOM1,U1164@DOM1
U314@DOM1,U1480@DOM1
U314@DOM1,U4448@DOM1
U314@DOM1,U9947@DOM1
U7311@DOM1,U8168@C685
U7311@DOM1,U8777@C1500
U7311@DOM1,U24@DOM1
U7311@DOM1,U86@DOM1
U7311@DOM1,U1306@DOM1
U7311@DOM1,U415@DOM1
U7311@DOM1,U8777@C3388
U7311@DOM1,U8170@DOM1
U7311@DOM1,U524@DOM1
U7311@DOM1,U7507@DOM1
U7311@DOM1,U66@DOM1
U7311@DOM1,U8840@DOM1
U7311@DOM1,U679@DOM1
U8168@C685,U8777@C1500
U8168@C685,U24@DOM1
U8168@C685,U86@DOM1
U8168@C685,U1306@DOM1
U8168@C685,U415@DOM1
U8168@C685,U8777@C3388
U8168@C685,U8170@DOM1
U8168@C685,U524@DOM1
U8168@C685,U7507@DOM1
U8168@C685,U66@DOM1
U8168@C685,U8840@DOM1
U8168@C685,U679@DOM1
U3718@DOM1,U162@DOM1
U3718@DOM1,U2837@DOM1
U3718@DOM1,U882@DOM1
U3718@DOM1,U4978@DOM1
U3718@DOM1,U349@DOM1
U3718@DOM1,U1450@DOM1
U3718@DOM1,U8777@C1500
U3718@DOM1,U737@DOM1
U3718@DOM1,U3635@DOM1
U3718@DOM1,U1048@DOM1
U3718@DOM1,U218@DOM1
U3718@DOM1,U4856@DOM1
U3718@DOM1,U212@DOM1
U3718@DOM1,U2575@DOM1
U3718@DOM1,U3905@DOM1
U3718@DOM1,U9763@DOM1
U3718@DOM1,U4112@DOM1
U3718@DOM1,U6572@DOM1
U3718@DOM1,U795@DOM1
U3718@DOM1,U1600@DOM1
U3718@DOM1,U7394@DOM1
U3718@DOM1,U250@DOM1
U3718@DOM1,U995@DOM1
U3718@DOM1,U8777@C3388
U3718@DOM1,U288@DOM1
U3718@DOM1,U7375@DOM1
U3718@DOM1,U8777@C583
U3718@DOM1,U8601@DOM1
U3718@DOM1,U66@DOM1
U3718@DOM1,U5087@DOM1
U3718@DOM1,U342@DOM1
U3718@DOM1,U642@DOM1
U3718@DOM1,U5254@DOM1
U3718@DOM1,U374@DOM1
U3718@DOM1,U10379@C3521
U3718@DOM1,U293@DOM1
U3718@DOM1,U8946@DOM1
U3718@DOM1,U4353@DOM1
U3718@DOM1,U1164@DOM1
U3718@DOM1,U1480@DOM1
U3718@DOM1,U4448@DOM1
U3718@DOM1,U9947@DOM1
U162@DOM1,U2837@DOM1
U162@DOM1,U882@DOM1
U162@DOM1,U4978@DOM1
U162@DOM1,U349@DOM1
U162@DOM1,U1450@DOM1
U162@DOM1,U8777@C1500
U162@DOM1,U453@DOM1
U162@DOM1,U86@C10
U162@DOM1,U24@DOM1
U162@DOM1,U737@DOM1
U162@DOM1,U3635@DOM1
U162@DOM1,U1048@DOM1
U162@DOM1,U86@DOM1
U162@DOM1,U7761@C2519
U162@DOM1,U218@DOM1
U162@DOM1,U4856@DOM1
U162@DOM1,U1789@DOM1
U162@DOM1,U212@DOM1
U162@DOM1,U2575@DOM1
U162@DOM1,U3905@DOM1
U162@DOM1,U9763@DOM1
U162@DOM1,U12@DOM1
U162@DOM1,U13@DOM1
U162@DOM1,U1133@DOM1
U162@DOM1,U20@DOM1
U162@DOM1,U4112@DOM1
U162@DOM1,U737@C10
U162@DOM1,U9407@DOM1
U162@DOM1,U3549@DOM1
U162@DOM1,U1581@DOM1
U162@DOM1,U6572@DOM1
U162@DOM1,U795@DOM1
U162@DOM1,U9263@DOM1
U162@DOM1,U2231@DOM1
U162@DOM1,U6691@DOM1
U162@DOM1,U3005@DOM1
U162@DOM1,U1723@DOM1
U162@DOM1,U655@DOM1
U162@DOM1,U1145@DOM1
U162@DOM1,U1600@DOM1
U162@DOM1,U7394@DOM1
U162@DOM1,U250@DOM1
U162@DOM1,U6764@DOM1
U162@DOM1,U207@DOM1
U162@DOM1,U1519@DOM1
U162@DOM1,U995@DOM1
U162@DOM1,U415@DOM1
U162@DOM1,U1025@DOM1
U162@DOM1,U8777@C3388
U162@DOM1,U8170@DOM1
U162@DOM1,U288@DOM1
U162@DOM1,U7375@DOM1
U162@DOM1,U1592@DOM1
U162@DOM1,U8777@C583
U162@DOM1,U7507@DOM1
U162@DOM1,U8601@DOM1
U162@DOM1,U66@DOM1
U162@DOM1,U5087@DOM1
U162@DOM1,U342@DOM1
U162@DOM1,U642@DOM1
U162@DOM1,U5254@DOM1
U162@DOM1,U374@DOM1
U162@DOM1,U78@DOM1
U162@DOM1,U10379@C3521
U162@DOM1,U293@DOM1
U162@DOM1,U8946@DOM1
U162@DOM1,U1289@DOM1
U162@DOM1,U4353@DOM1
U162@DOM1,U7004@C2519
U162@DOM1,U1164@DOM1
U162@DOM1,U1480@DOM1
U162@DOM1,U1569@DOM1
U162@DOM1,U4448@DOM1
U162@DOM1,U3277@C2519
U162@DOM1,U2758@DOM1
U162@DOM1,U9947@DOM1
U1467@C3597,U882@DOM1
U1467@C3597,U4978@DOM1
U1467@C3597,U453@DOM1
U1467@C3597,U737@DOM1
U1467@C3597,U1048@DOM1
U1467@C3597,U212@DOM1
U1467@C3597,U12@DOM1
U1467@C3597,U6572@DOM1
U1467@C3597,U795@DOM1
U1467@C3597,U3005@DOM1
U1467@C3597,U1600@DOM1
U1467@C3597,U995@DOM1
U1467@C3597,U8601@DOM1
U1467@C3597,U66@DOM1
U1467@C3597,U5087@DOM1
U1467@C3597,U342@DOM1
U1467@C3597,U3406@DOM1
U1467@C3597,U10379@C3521
U1467@C3597,U293@DOM1
U1467@C3597,U4448@DOM1
U2837@DOM1,U882@DOM1
U2837@DOM1,U4978@DOM1
U2837@DOM1,U349@DOM1
U2837@DOM1,U1450@DOM1
U2837@DOM1,U8777@C1500
U2837@DOM1,U737@DOM1
U2837@DOM1,U3635@DOM1
U2837@DOM1,U1048@DOM1
U2837@DOM1,U218@DOM1
U2837@DOM1,U4856@DOM1
U2837@DOM1,U212@DOM1
U2837@DOM1,U2575@DOM1
U2837@DOM1,U3905@DOM1
U2837@DOM1,U9763@DOM1
U2837@DOM1,U4112@DOM1
U2837@DOM1,U6572@DOM1
U2837@DOM1,U795@DOM1
U2837@DOM1,U1600@DOM1
U2837@DOM1,U7394@DOM1
U2837@DOM1,U250@DOM1
U2837@DOM1,U995@DOM1
U2837@DOM1,U8777@C3388
U2837@DOM1,U288@DOM1
U2837@DOM1,U7375@DOM1
U2837@DOM1,U8777@C583
U2837@DOM1,U8601@DOM1
U2837@DOM1,U66@DOM1
U2837@DOM1,U5087@DOM1
U2837@DOM1,U342@DOM1
U2837@DOM1,U642@DOM1
U2837@DOM1,U5254@DOM1
U2837@DOM1,U374@DOM1
U2837@DOM1,U10379@C3521
U2837@DOM1,U293@DOM1
U2837@DOM1,U8946@DOM1
U2837@DOM1,U4353@DOM1
U2837@DOM1,U1164@DOM1
U2837@DOM1,U1480@DOM1
U2837@DOM1,U4448@DOM1
U2837@DOM1,U9947@DOM1
U882@DOM1,U4978@DOM1
U882@DOM1,U349@DOM1
U882@DOM1,U1450@DOM1
U882@DOM1,U8777@C1500
U882@DOM1,U453@DOM1
U882@DOM1,U737@DOM1
U882@DOM1,U3635@DOM1
U882@DOM1,U1048@DOM1
U882@DOM1,U218@DOM1
U882@DOM1,U4856@DOM1
U882@DOM1,U212@DOM1
U882@DOM1,U2575@DOM1
U882@DOM1,U3905@DOM1
U882@DOM1,U9763@DOM1
U882@DOM1,U12@DOM1
U882@DOM1,U4112@DOM1
U882@DOM1,U6572@DOM1
U882@DOM1,U795@DOM1
U882@DOM1,U3005@DOM1
U882@DOM1,U1600@DOM1
U882@DOM1,U7394@DOM1
U882@DOM1,U250@DOM1
U882@DOM1,U995@DOM1
U882@DOM1,U8777@C3388
U882@DOM1,U288@DOM1
U882@DOM1,U7375@DOM1
U882@DOM1,U8777@C583
U882@DOM1,U8601@DOM1
U882@DOM1,U66@DOM1
U882@DOM1,U5087@DOM1
U882@DOM1,U342@DOM1
U882@DOM1,U3406@DOM1
U882@DOM1,U642@DOM1
U882@DOM1,U5254@DOM1
U882@DOM1,U374@DOM1
U882@DOM1,U10379@C3521
U882@DOM1,U293@DOM1
U882@DOM1,U8946@DOM1
U882@DOM1,U4353@DOM1
U882@DOM1,U1164@DOM1
U882@DOM1,U1480@DOM1
U882@DOM1,U4448@DOM1
U882@DOM1,U9947@DOM1
U825@DOM1,U7594@DOM1
U825@DOM1,U1450@DOM1
U825@DOM1,U114@DOM1
U825@DOM1,U737@DOM1
U825@DOM1,U1506@DOM1
U825@DOM1,U3206@DOM1
U825@DOM1,U3575@DOM1
U825@DOM1,U3549@DOM1
U825@DOM1,U227@DOM1
U825@DOM1,U3005@DOM1
U825@DOM1,U1723@DOM1
U825@DOM1,U1106@DOM1
U825@DOM1,U8170@DOM1
U825@DOM1,U8168@C19038
U825@DOM1,U8777@DOM1
U825@DOM1,U8946@DOM1
U825@DOM1,U1164@DOM1
U825@DOM1,U1480@DOM1
U4978@DOM1,U349@DOM1
U4978@DOM1,U1450@DOM1
U4978@DOM1,U8777@C1500
U4978@DOM1,U453@DOM1
U4978@DOM1,U737@DOM1
U4978@DOM1,U3635@DOM1
U4978@DOM1,U1048@DOM1
U4978@DOM1,U218@DOM1
U4978@DOM1,U4856@DOM1
U4978@DOM1,U212@DOM1
U4978@DOM1,U2575@DOM1
U4978@DOM1,U3905@DOM1
U4978@DOM1,U9763@DOM1
U4978@DOM1,U12@DOM1
U4978@DOM1,U4112@DOM1
U4978@DOM1,U6572@DOM1
U4978@DOM1,U795@DOM1
U4978@DOM1,U3005@DOM1
U4978@DOM1,U1145@DOM1
U4978@DOM1,U1600@DOM1
U4978@DOM1,U7394@DOM1
U4978@DOM1,U250@DOM1
U4978@DOM1,U995@DOM1
U4978@DOM1,U415@DOM1
U4978@DOM1,U8777@C3388
U4978@DOM1,U288@DOM1
U4978@DOM1,U7375@DOM1
U4978@DOM1,U8777@C583
U4978@DOM1,U8601@DOM1
U4978@DOM1,U66@DOM1
U4978@DOM1,U5087@DOM1
U4978@DOM1,U342@DOM1
U4978@DOM1,U3406@DOM1
U4978@DOM1,U642@DOM1
U4978@DOM1,U5254@DOM1
U4978@DOM1,U374@DOM1
U4978@DOM1,U10379@C3521
U4978@DOM1,U293@DOM1
U4978@DOM1,U8946@DOM1
U4978@DOM1,U4353@DOM1
U4978@DOM1,U1164@DOM1
U4978@DOM1,U1480@DOM1
U4978@DOM1,U4448@DOM1
U4978@DOM1,U9947@DOM1
U7594@DOM1,U114@DOM1
U7594@DOM1,U1506@DOM1
U7594@DOM1,U3206@DOM1
U7594@DOM1,U3575@DOM1
U7594@DOM1,U3549@DOM1
U7594@DOM1,U227@DOM1
U7594@DOM1,U1106@DOM1
U7594@DOM1,U8170@DOM1
U7594@DOM1,U8168@C19038
U7594@DOM1,U8777@DOM1
U7594@DOM1,U8946@DOM1
U349@DOM1,U1450@DOM1
U349@DOM1,U8777@C1500
U349@DOM1,U737@DOM1
U349@DOM1,U3635@DOM1
U349@DOM1,U1048@DOM1
U349@DOM1,U218@DOM1
U349@DOM1,U4856@DOM1
U349@DOM1,U212@DOM1
U349@DOM1,U2575@DOM1
U349@DOM1,U3905@DOM1
U349@DOM1,U9763@DOM1
U349@DOM1,U4112@DOM1
U349@DOM1,U6572@DOM1
U349@DOM1,U795@DOM1
U349@DOM1,U1145@DOM1
U349@DOM1,U1600@DOM1
U349@DOM1,U7394@DOM1
U349@DOM1,U250@DOM1
U349@DOM1,U995@DOM1
U349@DOM1,U8777@C3388
U349@DOM1,U288@DOM1
U349@DOM1,U7375@DOM1
U349@DOM1,U8777@C583
U349@DOM1,U8601@DOM1
U349@DOM1,U66@DOM1
U349@DOM1,U5087@DOM1
U349@DOM1,U342@DOM1
U349@DOM1,U642@DOM1
U349@DOM1,U5254@DOM1
U349@DOM1,U374@DOM1
U349@DOM1,U10379@C3521
U349@DOM1,U293@DOM1
U349@DOM1,U8946@DOM1
U349@DOM1,U4353@DOM1
U349@DOM1,U3764@DOM1
U349@DOM1,U1164@DOM1
U349@DOM1,U1480@DOM1
U349@DOM1,U4448@DOM1
U349@DOM1,U9947@DOM1
U1450@DOM1,U8777@C1500
U1450@DOM1,U453@DOM1
U1450@DOM1,U737@DOM1
U1450@DOM1,U3635@DOM1
U1450@DOM1,U1048@DOM1
U1450@DOM1,U7761@C2519
U1450@DOM1,U218@DOM1
U1450@DOM1,U4856@DOM1
U1450@DOM1,U1789@DOM1
U1450@DOM1,U212@DOM1
U1450@DOM1,U2575@DOM1
U1450@DOM1,U3905@DOM1
U1450@DOM1,U9763@DOM1
U1450@DOM1,U12@DOM1
U1450@DOM1,U13@DOM1
U1450@DOM1,U1133@DOM1
U1450@DOM1,U20@DOM1
U1450@DOM1,U4112@DOM1
U1450@DOM1,U1581@DOM1
U1450@DOM1,U6572@DOM1
U1450@DOM1,U795@DOM1
U1450@DOM1,U9263@DOM1
U1450@DOM1,U2231@DOM1
U1450@DOM1,U6691@DOM1
U1450@DOM1,U3005@DOM1
U1450@DOM1,U1723@DOM1
U1450@DOM1,U1145@DOM1
U1450@DOM1,U1600@DOM1
U1450@DOM1,U7394@DOM1
U1450@DOM1,U250@DOM1
U1450@DOM1,U6764@DOM1
U1450@DOM1,U207@DOM1
U1450@DOM1,U1519@DOM1
U1450@DOM1,U995@DOM1
U1450@DOM1,U415@DOM1
U1450@DOM1,U8777@C3388
U1450@DOM1,U288@DOM1
U1450@DOM1,U7375@DOM1
U1450@DOM1,U1592@DOM1
U1450@DOM1,U8777@C583
U1450@DOM1,U7507@DOM1
U1450@DOM1,U8601@DOM1
U1450@DOM1,U66@DOM1
U1450@DOM1,U5087@DOM1
U1450@DOM1,U342@DOM1
U1450@DOM1,U642@DOM1
U1450@DOM1,U5254@DOM1
U1450@DOM1,U374@DOM1
U1450@DOM1,U78@DOM1
U1450@DOM1,U10379@C3521
U1450@DOM1,U293@DOM1
U1450@DOM1,U8946@DOM1
U1450@DOM1,U1289@DOM1
U1450@DOM1,U4353@DOM1
U1450@DOM1,U7004@C2519
U1450@DOM1,U1164@DOM1
U1450@DOM1,U1480@DOM1
U1450@DOM1,U1569@DOM1
U1450@DOM1,U4448@DOM1
U1450@DOM1,U3277@C2519
U1450@DOM1,U9947@DOM1
U8777@C1500,U24@DOM1
U8777@C1500,U737@DOM1
U8777@C1500,U3635@DOM1
U8777@C1500,U1048@DOM1
U8777@C1500,U86@DOM1
U8777@C1500,U218@DOM1
U8777@C1500,U4856@DOM1
U8777@C1500,U212@DOM1
U8777@C1500,U2575@DOM1
U8777@C1500,U3905@DOM1
U8777@C1500,U9763@DOM1
U8777@C1500,U4112@DOM1
U8777@C1500,U6572@DOM1
U8777@C1500,U795@DOM1
U8777@C1500,U1306@DOM1
U8777@C1500,U1600@DOM1
U8777@C1500,U7394@DOM1
U8777@C1500,U250@DOM1
U8777@C1500,U995@DOM1
U8777@C1500,U415@DOM1
U8777@C1500,U8777@C3388
U8777@C1500,U8170@DOM1
U8777@C1500,U524@DOM1
U8777@C1500,U288@DOM1
U8777@C1500,U7375@DOM1
U8777@C1500,U8777@C583
U8777@C1500,U7507@DOM1
U8777@C1500,U8601@DOM1
U8777@C1500,U66@DOM1
U8777@C1500,U5087@DOM1
U8777@C1500,U342@DOM1
U8777@C1500,U642@DOM1
U8777@C1500,U5254@DOM1
U8777@C1500,U374@DOM1
U8777@C1500,U10379@C3521
U8777@C1500,U293@DOM1
U8777@C1500,U8946@DOM1
U8777@C1500,U4353@DOM1
U8777@C1500,U8840@DOM1
U8777@C1500,U1164@DOM1
U8777@C1500,U1480@DOM1
U8777@C1500,U679@DOM1
U8777@C1500,U4448@DOM1
U8777@C1500,U9947@DOM1
U453@DOM1,U737@DOM1
U453@DOM1,U3635@DOM1
U453@DOM1,U1048@DOM1
U453@DOM1,U7761@C2519
U453@DOM1,U218@DOM1
U453@DOM1,U1789@DOM1
U453@DOM1,U212@DOM1
U453@DOM1,U2575@DOM1
U453@DOM1,U12@DOM1
U453@DOM1,U13@DOM1
U453@DOM1,U1133@DOM1
U453@DOM1,U3575@DOM1
U453@DOM1,U20@DOM1
U453@DOM1,U4112@DOM1
U453@DOM1,U1581@DOM1
U453@DOM1,U6572@DOM1
U453@DOM1,U795@DOM1
U453@DOM1,U9263@DOM1
U453@DOM1,U2231@DOM1
U453@DOM1,U6691@DOM1
U453@DOM1,U3005@DOM1
U453@DOM1,U1723@DOM1
U453@DOM1,U1145@DOM1
U453@DOM1,U1600@DOM1
U453@DOM1,U6764@DOM1
U453@DOM1,U207@DOM1
U453@DOM1,U1519@DOM1
U453@DOM1,U995@DOM1
U453@DOM1,U415@DOM1
U453@DOM1,U1592@DOM1
U453@DOM1,U7507@DOM1
U453@DOM1,U8601@DOM1
U453@DOM1,U66@DOM1
U453@DOM1,U5087@DOM1
U453@DOM1,U342@DOM1
U453@DOM1,U3406@DOM1
U453@DOM1,U5254@DOM1
U453@DOM1,U78@DOM1
U453@DOM1,U10379@C3521
U453@DOM1,U293@DOM1
U453@DOM1,U1289@DOM1
U453@DOM1,U7004@C2519
U453@DOM1,U1480@DOM1
U453@DOM1,U1569@DOM1
U453@DOM1,U4448@DOM1
U453@DOM1,U3277@C2519
U86@C10,U24@DOM1
U86@C10,U737@DOM1
U86@C10,U3635@DOM1
U86@C10,U86@DOM1
U86@C10,U2575@DOM1
U86@C10,U1133@DOM1
U86@C10,U737@C10
U86@C10,U9407@DOM1
U86@C10,U3549@DOM1
U86@C10,U1581@DOM1
U86@C10,U9263@DOM1
U86@C10,U3005@DOM1
U86@C10,U655@DOM1
U86@C10,U1025@DOM1
U86@C10,U8170@DOM1
U86@C10,U7507@DOM1
U86@C10,U66@DOM1
U86@C10,U1480@DOM1
U86@C10,U1569@DOM1
U86@C10,U4448@DOM1
U86@C10,U2758@DOM1
U24@DOM1,U737@DOM1
U24@DOM1,U3635@DOM1
U24@DOM1,U86@DOM1
U24@DOM1,U2575@DOM1
U24@DOM1,U1133@DOM1
U24@DOM1,U737@C10
U24@DOM1,U9407@DOM1
U24@DOM1,U3549@DOM1
U24@DOM1,U1581@DOM1
U24@DOM1,U9263@DOM1
U24@DOM1,U1306@DOM1
U24@DOM1,U3005@DOM1
U24@DOM1,U655@DOM1
U24@DOM1,U415@DOM1
U24@DOM1,U1025@DOM1
U24@DOM1,U8777@C3388
U24@DOM1,U8170@DOM1
U24@DOM1,U524@DOM1
U24@DOM1,U7507@DOM1
U24@DOM1,U66@DOM1
U24@DOM1,U374@DOM1
U24@DOM1,U8840@DOM1
U24@DOM1,U1480@DOM1
U24@DOM1,U1569@DOM1
U24@DOM1,U679@DOM1
U24@DOM1,U4448@DOM1
U24@DOM1,U2758@DOM1
U114@DOM1,U218@DOM1
U114@DOM1,U1506@DOM1
U114@DOM1,U3206@DOM1
U114@DOM1,U1133@DOM1
U114@DOM1,U3575@DOM1
U114@DOM1,U3549@DOM1
U114@DOM1,U227@DOM1
U114@DOM1,U3005@DOM1
U114@DOM1,U655@DOM1
U114@DOM1,U1106@DOM1
U114@DOM1,U8170@DOM1
U114@DOM1,U8168@C19038
U114@DOM1,U3406@DOM1
U114@DOM1,U78@DOM1
U114@DOM1,U8777@DOM1
U114@DOM1,U8946@DOM1
U737@DOM1,U3635@DOM1
U737@DOM1,U1048@DOM1
U737@DOM1,U86@DOM1
U737@DOM1,U218@DOM1
U737@DOM1,U4856@DOM1
U737@DOM1,U212@DOM1
U737@DOM1,U2575@DOM1
U737@DOM1,U3905@DOM1
U737@DOM1,U9763@DOM1
U737@DOM1,U12@DOM1
U737@DOM1,U1133@DOM1
U737@DOM1,U4112@DOM1
U737@DOM1,U737@C10
U737@DOM1,U9407@DOM1
U737@DOM1,U3549@DOM1
U737@DOM1,U1581@DOM1
U737@DOM1,U6572@DOM1
U737@DOM1,U795@DOM1
U737@DOM1,U9263@DOM1
U737@DOM1,U3005@DOM1
U737@DOM1,U655@DOM1
U737@DOM1,U1145@DOM1
U737@DOM1,U1600@DOM1
U737@DOM1,U7394@DOM1
U737@DOM1,U250@DOM1
U737@DOM1,U995@DOM1
U737@DOM1,U1025@DOM1
U737@DOM1,U8777@C3388
U737@DOM1,U8170@DOM1
U737@DOM1,U288@DOM1
U737@DOM1,U7375@DOM1
U737@DOM1,U8777@C583
U737@DOM1,U7507@DOM1
U737@DOM1,U8601@DOM1
U737@DOM1,U66@DOM1
U737@DOM1,U5087@DOM1
U737@DOM1,U342@DOM1
U737@DOM1,U3406@DOM1
U737@DOM1,U642@DOM1
U737@DOM1,U5254@DOM1
U737@DOM1,U374@DOM1
U737@DOM1,U10379@C3521
U737@DOM1,U293@DOM1
U737@DOM1,U8946@DOM1
U737@DOM1,U4353@DOM1
U737@DOM1,U1164@DOM1
U737@DOM1,U1480@DOM1
U737@DOM1,U1569@DOM1
U737@DOM1,U4448@DOM1
U737@DOM1,U2758@DOM1
U737@DOM1,U9947@DOM1
U3635@DOM1,U1048@DOM1
U3635@DOM1,U86@DOM1
U3635@DOM1,U7761@C2519
U3635@DOM1,U218@DOM1
U3635@DOM1,U4856@DOM1
U3635@DOM1,U1789@DOM1
U3635@DOM1,U212@DOM1
U3635@DOM1,U2575@DOM1
U3635@DOM1,U3905@DOM1
U3635@DOM1,U9763@DOM1
U3635@DOM1,U12@DOM1
U3635@DOM1,U13@DOM1
U3635@DOM1,U1133@DOM1
U3635@DOM1,U20@DOM1
U3635@DOM1,U4112@DOM1
U3635@DOM1,U737@C10
U3635@DOM1,U9407@DOM1
U3635@DOM1,U3549@DOM1
U3635@DOM1,U1581@DOM1
U3635@DOM1,U6572@DOM1
U3635@DOM1,U795@DOM1
U3635@DOM1,U9263@DOM1
U3635@DOM1,U2231@DOM1
U3635@DOM1,U6691@DOM1
U3635@DOM1,U3005@DOM1
U3635@DOM1,U1723@DOM1
U3635@DOM1,U655@DOM1
U3635@DOM1,U1145@DOM1
U3635@DOM1,U1600@DOM1
U3635@DOM1,U7394@DOM1
U3635@DOM1,U250@DOM1
U3635@DOM1,U6764@DOM1
U3635@DOM1,U207@DOM1
U3635@DOM1,U1519@DOM1
U3635@DOM1,U995@DOM1
U3635@DOM1,U415@DOM1
U3635@DOM1,U1025@DOM1
U3635@DOM1,U8777@C3388
U3635@DOM1,U8170@DOM1
U3635@DOM1,U288@DOM1
U3635@DOM1,U7375@DOM1
U3635@DOM1,U1592@DOM1
U3635@DOM1,U8777@C583
U3635@DOM1,U7507@DOM1
U3635@DOM1,U8601@DOM1
U3635@DOM1,U66@DOM1
U3635@DOM1,U5087@DOM1
U3635@DOM1,U342@DOM1
U3635@DOM1,U642@DOM1
U3635@DOM1,U5254@DOM1
U3635@DOM1,U374@DOM1
U3635@DOM1,U78@DOM1
U3635@DOM1,U10379@C3521
U3635@DOM1,U293@DOM1
U3635@DOM1,U8946@DOM1
U3635@DOM1,U1289@DOM1
U3635@DOM1,U4353@DOM1
U3635@DOM1,U7004@C2519
U3635@DOM1,U1164@DOM1
U3635@DOM1,U1480@DOM1
U3635@DOM1,U1569@DOM1
U3635@DOM1,U4448@DOM1
U3635@DOM1,U3277@C2519
U3635@DOM1,U2758@DOM1
U3635@DOM1,U9947@DOM1
U1048@DOM1,U218@DOM1
U1048@DOM1,U4856@DOM1
U1048@DOM1,U212@DOM1
U1048@DOM1,U2575@DOM1
U1048@DOM1,U3905@DOM1
U1048@DOM1,U9763@DOM1
U1048@DOM1,U12@DOM1
U1048@DOM1,U4112@DOM1
U1048@DOM1,U6572@DOM1
U1048@DOM1,U795@DOM1
U1048@DOM1,U3005@DOM1
U1048@DOM1,U1600@DOM1
U1048@DOM1,U7394@DOM1
U1048@DOM1,U250@DOM1
U1048@DOM1,U995@DOM1
U1048@DOM1,U8777@C3388
U1048@DOM1,U288@DOM1
U1048@DOM1,U7375@DOM1
U1048@DOM1,U8777@C583
U1048@DOM1,U8601@DOM1
U1048@DOM1,U66@DOM1
U1048@DOM1,U5087@DOM1
U1048@DOM1,U342@DOM1
U1048@DOM1,U3406@DOM1
U1048@DOM1,U642@DOM1
U1048@DOM1,U5254@DOM1
U1048@DOM1,U374@DOM1
U1048@DOM1,U10379@C3521
U1048@DOM1,U293@DOM1
U1048@DOM1,U8946@DOM1
U1048@DOM1,U4353@DOM1
U1048@DOM1,U1164@DOM1
U1048@DOM1,U1480@DOM1
U1048@DOM1,U4448@DOM1
U1048@DOM1,U9947@DOM1
U86@DOM1,U2575@DOM1
U86@DOM1,U1133@DOM1
U86@DOM1,U737@C10
U86@DOM1,U9407@DOM1
U86@DOM1,U3549@DOM1
U86@DOM1,U1581@DOM1
U86@DOM1,U9263@DOM1
U86@DOM1,U1306@DOM1
U86@DOM1,U3005@DOM1
U86@DOM1,U1723@DOM1
U86@DOM1,U655@DOM1
U86@DOM1,U636@DOM1
U86@DOM1,U415@DOM1
U86@DOM1,U1025@DOM1
U86@DOM1,U8777@C3388
U86@DOM1,U8170@DOM1
U86@DOM1,U524@DOM1
U86@DOM1,U7507@DOM1
U86@DOM1,U66@DOM1
U86@DOM1,U8840@DOM1
U86@DOM1,U1480@DOM1
U86@DOM1,U1569@DOM1
U86@DOM1,U679@DOM1
U86@DOM1,U4448@DOM1
U86@DOM1,U2758@DOM1
U86@DOM1,U9947@DOM1
U7761@C2519,U218@DOM1
U7761@C2519,U1789@DOM1
U7761@C2519,U2575@DOM1
U7761@C2519,U12@DOM1
U7761@C2519,U13@DOM1
U7761@C2519,U1133@DOM1
U7761@C2519,U20@DOM1
U7761@C2519,U4112@DOM1
U7761@C2519,U1581@DOM1
U7761@C2519,U9263@DOM1
U7761@C2519,U2231@DOM1
U7761@C2519,U6691@DOM1
U7761@C2519,U3005@DOM1
U7761@C2519,U1723@DOM1
U7761@C2519,U1145@DOM1
U7761@C2519,U6764@DOM1
U7761@C2519,U207@DOM1
U7761@C2519,U1519@DOM1
U7761@C2519,U415@DOM1
U7761@C2519,U1592@DOM1
U7761@C2519,U7507@DOM1
U7761@C2519,U8601@DOM1
U7761@C2519,U66@DOM1
U7761@C2519,U342@DOM1
U7761@C2519,U5254@DOM1
U7761@C2519,U78@DOM1
U7761@C2519,U1289@DOM1
U7761@C2519,U7004@C2519
U7761@C2519,U1480@DOM1
U7761@C2519,U1569@DOM1
U7761@C2519,U4448@DOM1
U7761@C2519,U3277@C2519
U218@DOM1,U4856@DOM1
U218@DOM1,U1789@DOM1
U218@DOM1,U212@DOM1
U218@DOM1,U2575@DOM1
U218@DOM1,U3905@DOM1
U218@DOM1,U9763@DOM1
U218@DOM1,U12@DOM1
U218@DOM1,U13@DOM1
U218@DOM1,U1133@DOM1
U218@DOM1,U20@DOM1
U218@DOM1,U4112@DOM1
U218@DOM1,U1581@DOM1
U218@DOM1,U6572@DOM1
U218@DOM1,U795@DOM1
U218@DOM1,U9263@DOM1
U218@DOM1,U2231@DOM1
U218@DOM1,U6691@DOM1
U218@DOM1,U3005@DOM1
U218@DOM1,U1723@DOM1
U218@DOM1,U1145@DOM1
U218@DOM1,U1600@DOM1
U218@DOM1,U7394@DOM1
U218@DOM1,U250@DOM1
U218@DOM1,U6764@DOM1
U218@DOM1,U207@DOM1
U218@DOM1,U1519@DOM1
U218@DOM1,U995@DOM1
U218@DOM1,U415@DOM1
U218@DOM1,U8777@C3388
U218@DOM1,U288@DOM1
U218@DOM1,U7375@DOM1
U218@DOM1,U1592@DOM1
U218@DOM1,U8777@C583
U218@DOM1,U7507@DOM1
U218@DOM1,U8601@DOM1
U218@DOM1,U66@DOM1
U218@DOM1,U5087@DOM1
U218@DOM1,U342@DOM1
U218@DOM1,U3406@DOM1
U218@DOM1,U642@DOM1
U218@DOM1,U5254@DOM1
U218@DOM1,U374@DOM1
U218@DOM1,U78@DOM1
U218@DOM1,U8777@DOM1
U218@DOM1,U10379@C3521
U218@DOM1,U293@DOM1
U218@DOM1,U8946@DOM1
U218@DOM1,U1289@DOM1
U218@DOM1,U4353@DOM1
U218@DOM1,U7004@C2519
U218@DOM1,U1164@DOM1
U218@DOM1,U1480@DOM1
U218@DOM1,U1569@DOM1
U218@DOM1,U4448@DOM1
U218@DOM1,U3277@C2519
U218@DOM1,U9947@DOM1
U4856@DOM1,U212@DOM1
U4856@DOM1,U2575@DOM1
U4856@DOM1,U3905@DOM1
U4856@DOM1,U9763@DOM1
U4856@DOM1,U4112@DOM1
U4856@DOM1,U6572@DOM1
U4856@DOM1,U795@DOM1
U4856@DOM1,U1600@DOM1
U4856@DOM1,U7394@DOM1
U4856@DOM1,U250@DOM1
U4856@DOM1,U995@DOM1
U4856@DOM1,U8777@C3388
U4856@DOM1,U288@DOM1
U4856@DOM1,U7375@DOM1
U4856@DOM1,U1592@DOM1
U4856@DOM1,U8777@C583
U4856@DOM1,U8601@DOM1
U4856@DOM1,U66@DOM1
U4856@DOM1,U5087@DOM1
U4856@DOM1,U342@DOM1
U4856@DOM1,U642@DOM1
U4856@DOM1,U5254@DOM1
U4856@DOM1,U374@DOM1
U4856@DOM1,U10379@C3521
U4856@DOM1,U293@DOM1
U4856@DOM1,U8946@DOM1
U4856@DOM1,U4353@DOM1
U4856@DOM1,U1164@DOM1
U4856@DOM1,U1480@DOM1
U4856@DOM1,U4448@DOM1
U4856@DOM1,U9947@DOM1
U1789@DOM1,U2575@DOM1
U1789@DOM1,U12@DOM1
U1789@DOM1,U13@DOM1
U1789@DOM1,U1133@DOM1
U1789@DOM1,U20@DOM1
U1789@DOM1,U4112@DOM1
U1789@DOM1,U1581@DOM1
U1789@DOM1,U9263@DOM1
U1789@DOM1,U2231@DOM1
U1789@DOM1,U6691@DOM1
U1789@DOM1,U3005@DOM1
U1789@DOM1,U1723@DOM1
U1789@DOM1,U1145@DOM1
U1789@DOM1,U6764@DOM1
U1789@DOM1,U207@DOM1
U1789@DOM1,U1519@DOM1
U1789@DOM1,U415@DOM1
U1789@DOM1,U1592@DOM1
U1789@DOM1,U7507@DOM1
U1789@DOM1,U8601@DOM1
U1789@DOM1,U66@DOM1
U1789@DOM1,U342@DOM1
U1789@DOM1,U5254@DOM1
U1789@DOM1,U78@DOM1
U1789@DOM1,U1289@DOM1
U1789@DOM1,U7004@C2519
U1789@DOM1,U1480@DOM1
U1789@DOM1,U1569@DOM1
U1789@DOM1,U4448@DOM1
U1789@DOM1,U3277@C2519
U212@DOM1,U2575@DOM1
U212@DOM1,U3905@DOM1
U212@DOM1,U9763@DOM1
U212@DOM1,U12@DOM1
U212@DOM1,U4112@DOM1
U212@DOM1,U6572@DOM1
U212@DOM1,U795@DOM1
U212@DOM1,U3005@DOM1
U212@DOM1,U1600@DOM1
U212@DOM1,U7394@DOM1
U212@DOM1,U250@DOM1
U212@DOM1,U995@DOM1
U212@DOM1,U8777@C3388
U212@DOM1,U288@DOM1
U212@DOM1,U7375@DOM1
U212@DOM1,U8777@C583
U212@DOM1,U8601@DOM1
U212@DOM1,U66@DOM1
U212@DOM1,U5087@DOM1
U212@DOM1,U342@DOM1
U212@DOM1,U3406@DOM1
U212@DOM1,U642@DOM1
U212@DOM1,U5254@DOM1
U212@DOM1,U374@DOM1
U212@DOM1,U10379@C3521
U212@DOM1,U293@DOM1
U212@DOM1,U8946@DOM1
U212@DOM1,U4353@DOM1
U212@DOM1,U1164@DOM1
U212@DOM1,U1480@DOM1
U212@DOM1,U4448@DOM1
U212@DOM1,U9947@DOM1
U1506@DOM1,U3206@DOM1
U1506@DOM1,U3575@DOM1
U1506@DOM1,U3549@DOM1
U1506@DOM1,U227@DOM1
U1506@DOM1,U1106@DOM1
U1506@DOM1,U8170@DOM1
U1506@DOM1,U8168@C19038
U1506@DOM1,U8777@DOM1
U1506@DOM1,U8946@DOM1
U2575@DOM1,U3905@DOM1
U2575@DOM1,U9763@DOM1
U2575@DOM1,U12@DOM1
U2575@DOM1,U13@DOM1
U2575@DOM1,U1133@DOM1
U2575@DOM1,U20@DOM1
U2575@DOM1,U4112@DOM1
U2575@DOM1,U737@C10
U2575@DOM1,U9407@DOM1
U2575@DOM1,U3549@DOM1
U2575@DOM1,U1581@DOM1
U2575@DOM1,U6572@DOM1
U2575@DOM1,U795@DOM1
U2575@DOM1,U9263@DOM1
U2575@DOM1,U2231@DOM1
U2575@DOM1,U6691@DOM1
U2575@DOM1,U3005@DOM1
U2575@DOM1,U1723@DOM1
U2575@DOM1,U655@DOM1
U2575@DOM1,U1145@DOM1
U2575@DOM1,U1600@DOM1
U2575@DOM1,U7394@DOM1
U2575@DOM1,U250@DOM1
U2575@DOM1,U6764@DOM1
U2575@DOM1,U207@DOM1
U2575@DOM1,U1519@DOM1
U2575@DOM1,U995@DOM1
U2575@DOM1,U415@DOM1
U2575@DOM1,U1025@DOM1
U2575@DOM1,U8777@C3388
U2575@DOM1,U8170@DOM1
U2575@DOM1,U288@DOM1
U2575@DOM1,U7375@DOM1
U2575@DOM1,U1592@DOM1
U2575@DOM1,U3486@DOM1
U2575@DOM1,U8777@C583
U2575@DOM1,U7507@DOM1
U2575@DOM1,U8601@DOM1
U2575@DOM1,U66@DOM1
U2575@DOM1,U5087@DOM1
U2575@DOM1,U342@DOM1
U2575@DOM1,U642@DOM1
U2575@DOM1,U5254@DOM1
U2575@DOM1,U374@DOM1
U2575@DOM1,U78@DOM1
U2575@DOM1,U10379@C3521
U2575@DOM1,U293@DOM1
U2575@DOM1,U8946@DOM1
U2575@DOM1,U1289@DOM1
U2575@DOM1,U4353@DOM1
U2575@DOM1,U7004@C2519
U2575@DOM1,U1164@DOM1
U2575@DOM1,U1480@DOM1
U2575@DOM1,U1569@DOM1
U2575@DOM1,U4448@DOM1
U2575@DOM1,U3277@C2519
U2575@DOM1,U2758@DOM1
U2575@DOM1,U9947@DOM1
U3905@DOM1,U9763@DOM1
U3905@DOM1,U4112@DOM1
U3905@DOM1,U6572@DOM1
U3905@DOM1,U795@DOM1
U3905@DOM1,U1600@DOM1
U3905@DOM1,U7394@DOM1
U3905@DOM1,U250@DOM1
U3905@DOM1,U995@DOM1
U3905@DOM1,U8777@C3388
U3905@DOM1,U288@DOM1
U3905@DOM1,U7375@DOM1
U3905@DOM1,U8777@C583
U3905@DOM1,U8601@DOM1
U3905@DOM1,U66@DOM1
U3905@DOM1,U5087@DOM1
U3905@DOM1,U342@DOM1
U3905@DOM1,U642@DOM1
U3905@DOM1,U5254@DOM1
U3905@DOM1,U374@DOM1
U3905@DOM1,U10379@C3521
U3905@DOM1,U293@DOM1
U3905@DOM1,U8946@DOM1
U3905@DOM1,U4353@DOM1
U3905@DOM1,U1164@DOM1
U3905@DOM1,U1480@DOM1
U3905@DOM1,U4448@DOM1
U3905@DOM1,U9947@DOM1
U3206@DOM1,U3575@DOM1
U3206@DOM1,U3549@DOM1
U3206@DOM1,U9263@DOM1
U3206@DOM1,U227@DOM1
U3206@DOM1,U1106@DOM1
U3206@DOM1,U415@DOM1
U3206@DOM1,U8170@DOM1
U3206@DOM1,U1592@DOM1
U3206@DOM1,U8168@C19038
U3206@DOM1,U8777@DOM1
U3206@DOM1,U8946@DOM1
U9763@DOM1,U4112@DOM1
U9763@DOM1,U6572@DOM1
U9763@DOM1,U795@DOM1
U9763@DOM1,U1600@DOM1
U9763@DOM1,U7394@DOM1
U9763@DOM1,U250@DOM1
U9763@DOM1,U995@DOM1
U9763@DOM1,U8777@C3388
U9763@DOM1,U288@DOM1
U9763@DOM1,U7375@DOM1
U9763@DOM1,U8777@C583
U9763@DOM1,U8601@DOM1
U9763@DOM1,U66@DOM1
U9763@DOM1,U5087@DOM1
U9763@DOM1,U342@DOM1
U9763@DOM1,U642@DOM1
U9763@DOM1,U5254@DOM1
U9763@DOM1,U374@DOM1
U9763@DOM1,U10379@C3521
U9763@DOM1,U293@DOM1
U9763@DOM1,U8946@DOM1
U9763@DOM1,U4353@DOM1
U9763@DOM1,U1164@DOM1
U9763@DOM1,U1480@DOM1
U9763@DOM1,U4448@DOM1
U9763@DOM1,U9947@DOM1
U12@DOM1,U13@DOM1
U12@DOM1,U1133@DOM1
U12@DOM1,U20@DOM1
U12@DOM1,U4112@DOM1
U12@DOM1,U1581@DOM1
U12@DOM1,U6572@DOM1
U12@DOM1,U795@DOM1
U12@DOM1,U9263@DOM1
U12@DOM1,U2231@DOM1
U12@DOM1,U6691@DOM1
U12@DOM1,U3005@DOM1
U12@DOM1,U1723@DOM1
U12@DOM1,U1145@DOM1
U12@DOM1,U1600@DOM1
U12@DOM1,U6764@DOM1
U12@DOM1,U207@DOM1
U12@DOM1,U1519@DOM1
U12@DOM1,U995@DOM1
U12@DOM1,U415@DOM1
U12@DOM1,U1592@DOM1
U12@DOM1,U7507@DOM1
U12@DOM1,U8601@DOM1
U12@DOM1,U66@DOM1
U12@DOM1,U5087@DOM1
U12@DOM1,U342@DOM1
U12@DOM1,U3406@DOM1
U12@DOM1,U5254@DOM1
U12@DOM1,U374@DOM1
U12@DOM1,U78@DOM1
U12@DOM1,U10379@C3521
U12@DOM1,U293@DOM1
U12@DOM1,U1289@DOM1
U12@DOM1,U7004@C2519
U12@DOM1,U1480@DOM1
U12@DOM1,U1569@DOM1
U12@DOM1,U4448@DOM1
U12@DOM1,U3277@C2519
U13@DOM1,U1133@DOM1
U13@DOM1,U20@DOM1
U13@DOM1,U4112@DOM1
U13@DOM1,U1581@DOM1
U13@DOM1,U9263@DOM1
U13@DOM1,U2231@DOM1
U13@DOM1,U6691@DOM1
U13@DOM1,U3005@DOM1
U13@DOM1,U1723@DOM1
U13@DOM1,U1145@DOM1
U13@DOM1,U6764@DOM1
U13@DOM1,U207@DOM1
U13@DOM1,U1519@DOM1
U13@DOM1,U415@DOM1
U13@DOM1,U1592@DOM1
U13@DOM1,U7507@DOM1
U13@DOM1,U8601@DOM1
U13@DOM1,U66@DOM1
U13@DOM1,U342@DOM1
U13@DOM1,U5254@DOM1
U13@DOM1,U374@DOM1
U13@DOM1,U78@DOM1
U13@DOM1,U1289@DOM1
U13@DOM1,U7004@C2519
U13@DOM1,U1480@DOM1
U13@DOM1,U1569@DOM1
U13@DOM1,U4448@DOM1
U13@DOM1,U3277@C2519
U1133@DOM1,U20@DOM1
U1133@DOM1,U4112@DOM1
U1133@DOM1,U737@C10
U1133@DOM1,U9407@DOM1
U1133@DOM1,U3549@DOM1
U1133@DOM1,U1581@DOM1
U1133@DOM1,U9263@DOM1
U1133@DOM1,U2231@DOM1
U1133@DOM1,U6691@DOM1
U1133@DOM1,U3005@DOM1
U1133@DOM1,U1723@DOM1
U1133@DOM1,U655@DOM1
U1133@DOM1,U1145@DOM1
U1133@DOM1,U6764@DOM1
U1133@DOM1,U207@DOM1
U1133@DOM1,U1519@DOM1
U1133@DOM1,U415@DOM1
U1133@DOM1,U1025@DOM1
U1133@DOM1,U8170@DOM1
U1133@DOM1,U1592@DOM1
U1133@DOM1,U7507@DOM1
U1133@DOM1,U8601@DOM1
U1133@DOM1,U66@DOM1
U1133@DOM1,U342@DOM1
U1133@DOM1,U3406@DOM1
U1133@DOM1,U5254@DOM1
U1133@DOM1,U78@DOM1
U1133@DOM1,U8777@DOM1
U1133@DOM1,U1289@DOM1
U1133@DOM1,U7004@C2519
U1133@DOM1,U1480@DOM1
U1133@DOM1,U1569@DOM1
U1133@DOM1,U4448@DOM1
U1133@DOM1,U3277@C2519
U1133@DOM1,U2758@DOM1
U3575@DOM1,U3549@DOM1
U3575@DOM1,U227@DOM1
U3575@DOM1,U1106@DOM1
U3575@DOM1,U8170@DOM1
U3575@DOM1,U8168@C19038
U3575@DOM1,U8777@DOM1
U3575@DOM1,U8946@DOM1
U20@DOM1,U4112@DOM1
U20@DOM1,U1581@DOM1
U20@DOM1,U9263@DOM1
U20@DOM1,U2231@DOM1
U20@DOM1,U6691@DOM1
U20@DOM1,U3005@DOM1
U20@DOM1,U1723@DOM1
U20@DOM1,U1145@DOM1
U20@DOM1,U6764@DOM1
U20@DOM1,U207@DOM1
U20@DOM1,U1519@DOM1
U20@DOM1,U415@DOM1
U20@DOM1,U1592@DOM1
U20@DOM1,U7507@DOM1
U20@DOM1,U8601@DOM1
U20@DOM1,U66@DOM1
U20@DOM1,U342@DOM1
U20@DOM1,U5254@DOM1
U20@DOM1,U78@DOM1
U20@DOM1,U1289@DOM1
U20@DOM1,U7004@C2519
U20@DOM1,U1480@DOM1
U20@DOM1,U1569@DOM1
U20@DOM1,U4448@DOM1
U20@DOM1,U3277@C2519
U4112@DOM1,U1581@DOM1
U4112@DOM1,U6572@DOM1
U4112@DOM1,U795@DOM1
U4112@DOM1,U9263@DOM1
U4112@DOM1,U2231@DOM1
U4112@DOM1,U6691@DOM1
U4112@DOM1,U3005@DOM1
U4112@DOM1,U1723@DOM1
U4112@DOM1,U1145@DOM1
U4112@DOM1,U1600@DOM1
U4112@DOM1,U7394@DOM1
U4112@DOM1,U250@DOM1
U4112@DOM1,U6764@DOM1
U4112@DOM1,U207@DOM1
U4112@DOM1,U1519@DOM1
U4112@DOM1,U995@DOM1
U4112@DOM1,U415@DOM1
U4112@DOM1,U8777@C3388
U4112@DOM1,U288@DOM1
U4112@DOM1,U7375@DOM1
U4112@DOM1,U1592@DOM1
U4112@DOM1,U8777@C583
U4112@DOM1,U7507@DOM1
U4112@DOM1,U8601@DOM1
U4112@DOM1,U66@DOM1
U4112@DOM1,U5087@DOM1
U4112@DOM1,U342@DOM1
U4112@DOM1,U642@DOM1
U4112@DOM1,U5254@DOM1
U4112@DOM1,U374@DOM1
U4112@DOM1,U78@DOM1
U4112@DOM1,U10379@C3521
U4112@DOM1,U293@DOM1
U4112@DOM1,U8946@DOM1
U4112@DOM1,U1289@DOM1
U4112@DOM1,U4353@DOM1
U4112@DOM1,U7004@C2519
U4112@DOM1,U1164@DOM1
U4112@DOM1,U1480@DOM1
U4112@DOM1,U1569@DOM1
U4112@DOM1,U4448@DOM1
U4112@DOM1,U3277@C2519
U4112@DOM1,U9947@DOM1
U737@C10,U9407@DOM1
U737@C10,U3549@DOM1
U737@C10,U1581@DOM1
U737@C10,U9263@DOM1
U737@C10,U3005@DOM1
U737@C10,U655@DOM1
U737@C10,U1025@DOM1
U737@C10,U8170@DOM1
U737@C10,U7507@DOM1
U737@C10,U66@DOM1
U737@C10,U1480@DOM1
U737@C10,U1569@DOM1
U737@C10,U4448@DOM1
U737@C10,U2758@DOM1
U9407@DOM1,U3549@DOM1
U9407@DOM1,U1581@DOM1
U9407@DOM1,U9263@DOM1
U9407@DOM1,U3005@DOM1
U9407@DOM1,U655@DOM1
U9407@DOM1,U1025@DOM1
U9407@DOM1,U8170@DOM1
U9407@DOM1,U7507@DOM1
U9407@DOM1,U66@DOM1
U9407@DOM1,U342@DOM1
U9407@DOM1,U1480@DOM1
U9407@DOM1,U1569@DOM1
U9407@DOM1,U4448@DOM1
U9407@DOM1,U2758@DOM1
U3549@DOM1,U1581@DOM1
U3549@DOM1,U9263@DOM1
U3549@DOM1,U227@DOM1
U3549@DOM1,U3005@DOM1
U3549@DOM1,U655@DOM1
U3549@DOM1,U1106@DOM1
U3549@DOM1,U1025@DOM1
U3549@DOM1,U8170@DOM1
U3549@DOM1,U7507@DOM1
U3549@DOM1,U8168@C19038
U3549@DOM1,U66@DOM1
U3549@DOM1,U3406@DOM1
U3549@DOM1,U78@DOM1
U3549@DOM1,U8777@DOM1
U3549@DOM1,U8946@DOM1
U3549@DOM1,U1480@DOM1
U3549@DOM1,U1569@DOM1
U3549@DOM1,U4448@DOM1
U3549@DOM1,U2758@DOM1
U1581@DOM1,U9263@DOM1
U1581@DOM1,U2231@DOM1
U1581@DOM1,U6691@DOM1
U1581@DOM1,U3005@DOM1
U1581@DOM1,U1723@DOM1
U1581@DOM1,U655@DOM1
U1581@DOM1,U1145@DOM1
U1581@DOM1,U6764@DOM1
U1581@DOM1,U207@DOM1
U1581@DOM1,U1519@DOM1
U1581@DOM1,U415@DOM1
U1581@DOM1,U1025@DOM1
U1581@DOM1,U8170@DOM1
U1581@DOM1,U1592@DOM1
U1581@DOM1,U7507@DOM1
U1581@DOM1,U8601@DOM1
U1581@DOM1,U66@DOM1
U1581@DOM1,U342@DOM1
U1581@DOM1,U5254@DOM1
U1581@DOM1,U78@DOM1
U1581@DOM1,U1289@DOM1
U1581@DOM1,U7004@C2519
U1581@DOM1,U1480@DOM1
U1581@DOM1,U1569@DOM1
U1581@DOM1,U4448@DOM1
U1581@DOM1,U3277@C2519
U1581@DOM1,U2758@DOM1
U6572@DOM1,U795@DOM1
U6572@DOM1,U3005@DOM1
U6572@DOM1,U1600@DOM1
U6572@DOM1,U7394@DOM1
U6572@DOM1,U250@DOM1
U6572@DOM1,U995@DOM1
U6572@DOM1,U8777@C3388
U6572@DOM1,U288@DOM1
U6572@DOM1,U7375@DOM1
U6572@DOM1,U8777@C583
U6572@DOM1,U8601@DOM1
U6572@DOM1,U66@DOM1
U6572@DOM1,U5087@DOM1
U6572@DOM1,U342@DOM1
U6572@DOM1,U3406@DOM1
U6572@DOM1,U642@DOM1
U6572@DOM1,U5254@DOM1
U6572@DOM1,U374@DOM1
U6572@DOM1,U10379@C3521
U6572@DOM1,U293@DOM1
U6572@DOM1,U8946@DOM1
U6572@DOM1,U4353@DOM1
U6572@DOM1,U1164@DOM1
U6572@DOM1,U1480@DOM1
U6572@DOM1,U4448@DOM1
U6572@DOM1,U9947@DOM1
U795@DOM1,U3005@DOM1
U795@DOM1,U1600@DOM1
U795@DOM1,U7394@DOM1
U795@DOM1,U250@DOM1
U795@DOM1,U995@DOM1
U795@DOM1,U8777@C3388
U795@DOM1,U288@DOM1
U795@DOM1,U7375@DOM1
U795@DOM1,U8777@C583
U795@DOM1,U8601@DOM1
U795@DOM1,U66@DOM1
U795@DOM1,U5087@DOM1
U795@DOM1,U342@DOM1
U795@DOM1,U3406@DOM1
U795@DOM1,U642@DOM1
U795@DOM1,U5254@DOM1
U795@DOM1,U374@DOM1
U795@DOM1,U10379@C3521
U795@DOM1,U293@DOM1
U795@DOM1,U8946@DOM1
U795@DOM1,U4353@DOM1
U795@DOM1,U1164@DOM1
U795@DOM1,U1480@DOM1
U795@DOM1,U4448@DOM1
U795@DOM1,U9947@DOM1
U9263@DOM1,U2231@DOM1
U9263@DOM1,U6691@DOM1
U9263@DOM1,U3005@DOM1
U9263@DOM1,U1723@DOM1
U9263@DOM1,U655@DOM1
U9263@DOM1,U1145@DOM1
U9263@DOM1,U6764@DOM1
U9263@DOM1,U207@DOM1
U9263@DOM1,U1519@DOM1
U9263@DOM1,U415@DOM1
U9263@DOM1,U1025@DOM1
U9263@DOM1,U8170@DOM1
U9263@DOM1,U1592@DOM1
U9263@DOM1,U7507@DOM1
U9263@DOM1,U8601@DOM1
U9263@DOM1,U66@DOM1
U9263@DOM1,U342@DOM1
U9263@DOM1,U5254@DOM1
U9263@DOM1,U78@DOM1
U9263@DOM1,U1289@DOM1
U9263@DOM1,U7004@C2519
U9263@DOM1,U1480@DOM1
U9263@DOM1,U1569@DOM1
U9263@DOM1,U4448@DOM1
U9263@DOM1,U3277@C2519
U9263@DOM1,U2758@DOM1
U9263@DOM1,U9947@DOM1
U2231@DOM1,U6691@DOM1
U2231@DOM1,U3005@DOM1
U2231@DOM1,U1723@DOM1
U2231@DOM1,U1145@DOM1
U2231@DOM1,U6764@DOM1
U2231@DOM1,U207@DOM1
U2231@DOM1,U1519@DOM1
U2231@DOM1,U415@DOM1
U2231@DOM1,U1592@DOM1
U2231@DOM1,U7507@DOM1
U2231@DOM1,U8601@DOM1
U2231@DOM1,U66@DOM1
U2231@DOM1,U342@DOM1
U2231@DOM1,U5254@DOM1
U2231@DOM1,U78@DOM1
U2231@DOM1,U1289@DOM1
U2231@DOM1,U7004@C2519
U2231@DOM1,U1480@DOM1
U2231@DOM1,U1569@DOM1
U2231@DOM1,U4448@DOM1
U2231@DOM1,U3277@C2519
U1306@DOM1,U415@DOM1
U1306@DOM1,U8777@C3388
U1306@DOM1,U8170@DOM1
U1306@DOM1,U524@DOM1
U1306@DOM1,U7507@DOM1
U1306@DOM1,U66@DOM1
U1306@DOM1,U8840@DOM1
U1306@DOM1,U679@DOM1
U227@DOM1,U1106@DOM1
U227@DOM1,U8170@DOM1
U227@DOM1,U8168@C19038
U227@DOM1,U8777@DOM1
U227@DOM1,U8946@DOM1
U6691@DOM1,U3005@DOM1
U6691@DOM1,U1723@DOM1
U6691@DOM1,U655@DOM1
U6691@DOM1,U1145@DOM1
U6691@DOM1,U6764@DOM1
U6691@DOM1,U207@DOM1
U6691@DOM1,U1519@DOM1
U6691@DOM1,U415@DOM1
U6691@DOM1,U1592@DOM1
U6691@DOM1,U7507@DOM1
U6691@DOM1,U8601@DOM1
U6691@DOM1,U66@DOM1
U6691@DOM1,U342@DOM1
U6691@DOM1,U5254@DOM1
U6691@DOM1,U78@DOM1
U6691@DOM1,U1289@DOM1
U6691@DOM1,U7004@C2519
U6691@DOM1,U1480@DOM1
U6691@DOM1,U1569@DOM1
U6691@DOM1,U4448@DOM1
U6691@DOM1,U3277@C2519
U3005@DOM1,U1723@DOM1
U3005@DOM1,U655@DOM1
U3005@DOM1,U1106@DOM1
U3005@DOM1,U1145@DOM1
U3005@DOM1,U1600@DOM1
U3005@DOM1,U6764@DOM1
U3005@DOM1,U207@DOM1
U3005@DOM1,U1519@DOM1
U3005@DOM1,U995@DOM1
U3005@DOM1,U415@DOM1
U3005@DOM1,U1025@DOM1
U3005@DOM1,U8170@DOM1
U3005@DOM1,U1592@DOM1
U3005@DOM1,U7507@DOM1
U3005@DOM1,U8601@DOM1
U3005@DOM1,U66@DOM1
U3005@DOM1,U5087@DOM1
U3005@DOM1,U342@DOM1
U3005@DOM1,U3406@DOM1
U3005@DOM1,U5254@DOM1
U3005@DOM1,U78@DOM1
U3005@DOM1,U8777@DOM1
U3005@DOM1,U10379@C3521
U3005@DOM1,U293@DOM1
U3005@DOM1,U1289@DOM1
U3005@DOM1,U7004@C2519
U3005@DOM1,U1164@DOM1
U3005@DOM1,U1480@DOM1
U3005@DOM1,U1569@DOM1
U3005@DOM1,U4448@DOM1
U3005@DOM1,U3277@C2519
U3005@DOM1,U2758@DOM1
U1723@DOM1,U1145@DOM1
U1723@DOM1,U636@DOM1
U1723@DOM1,U6115@DOM1
U1723@DOM1,U6764@DOM1
U1723@DOM1,U207@DOM1
U1723@DOM1,U1519@DOM1
U1723@DOM1,U415@DOM1
U1723@DOM1,U7375@DOM1
U1723@DOM1,U1592@DOM1
U1723@DOM1,U7507@DOM1
U1723@DOM1,U8601@DOM1
U1723@DOM1,U66@DOM1
U1723@DOM1,U342@DOM1
U1723@DOM1,U748@DOM1
U1723@DOM1,U5254@DOM1
U1723@DOM1,U78@DOM1
U1723@DOM1,U1289@DOM1
U1723@DOM1,U7004@C2519
U1723@DOM1,U1164@DOM1
U1723@DOM1,U1480@DOM1
U1723@DOM1,U1569@DOM1
U1723@DOM1,U4448@DOM1
U1723@DOM1,U3277@C2519
U655@DOM1,U207@DOM1
U655@DOM1,U1025@DOM1
U655@DOM1,U8170@DOM1
U655@DOM1,U524@DOM1
U655@DOM1,U7507@DOM1
U655@DOM1,U66@DOM1
U655@DOM1,U342@DOM1
U655@DOM1,U3406@DOM1
U655@DOM1,U78@DOM1
U655@DOM1,U8777@DOM1
U655@DOM1,U1480@DOM1
U655@DOM1,U1569@DOM1
U655@DOM1,U4448@DOM1
U655@DOM1,U2758@DOM1
U1106@DOM1,U8170@DOM1
U1106@DOM1,U8168@C19038
U1106@DOM1,U3406@DOM1
U1106@DOM1,U8777@DOM1
U1106@DOM1,U8946@DOM1
U1145@DOM1,U1600@DOM1
U1145@DOM1,U6764@DOM1
U1145@DOM1,U207@DOM1
U1145@DOM1,U1519@DOM1
U1145@DOM1,U415@DOM1
U1145@DOM1,U1592@DOM1
U1145@DOM1,U3486@DOM1
U1145@DOM1,U8777@C583
U1145@DOM1,U7507@DOM1
U1145@DOM1,U8601@DOM1
U1145@DOM1,U66@DOM1
U1145@DOM1,U342@DOM1
U1145@DOM1,U5254@DOM1
U1145@DOM1,U374@DOM1
U1145@DOM1,U78@DOM1
U1145@DOM1,U1289@DOM1
U1145@DOM1,U7004@C2519
U1145@DOM1,U1480@DOM1
U1145@DOM1,U1569@DOM1
U1145@DOM1,U4448@DOM1
U1145@DOM1,U3277@C2519
U636@DOM1,U6115@DOM1
U636@DOM1,U620@DOM1
U636@DOM1,U748@DOM1
U636@DOM1,U9947@DOM1
U1600@DOM1,U7394@DOM1
U1600@DOM1,U250@DOM1
U1600@DOM1,U995@DOM1
U1600@DOM1,U8777@C3388
U1600@DOM1,U288@DOM1
U1600@DOM1,U7375@DOM1
U1600@DOM1,U8777@C583
U1600@DOM1,U7507@DOM1
U1600@DOM1,U8601@DOM1
U1600@DOM1,U66@DOM1
U1600@DOM1,U5087@DOM1
U1600@DOM1,U342@DOM1
U1600@DOM1,U3406@DOM1
U1600@DOM1,U642@DOM1
U1600@DOM1,U5254@DOM1
U1600@DOM1,U374@DOM1
U1600@DOM1,U10379@C3521
U1600@DOM1,U293@DOM1
U1600@DOM1,U8946@DOM1
U1600@DOM1,U4353@DOM1
U1600@DOM1,U1164@DOM1
U1600@DOM1,U1480@DOM1
U1600@DOM1,U4448@DOM1
U1600@DOM1,U9947@DOM1
U6115@DOM1,U620@DOM1
U6115@DOM1,U748@DOM1
U7394@DOM1,U250@DOM1
U7394@DOM1,U995@DOM1
U7394@DOM1,U8777@C3388
U7394@DOM1,U288@DOM1
U7394@DOM1,U7375@DOM1
U7394@DOM1,U8777@C583
U7394@DOM1,U8601@DOM1
U7394@DOM1,U66@DOM1
U7394@DOM1,U5087@DOM1
U7394@DOM1,U342@DOM1
U7394@DOM1,U642@DOM1
U7394@DOM1,U5254@DOM1
U7394@DOM1,U374@DOM1
U7394@DOM1,U10379@C3521
U7394@DOM1,U293@DOM1
U7394@DOM1,U8946@DOM1
U7394@DOM1,U4353@DOM1
U7394@DOM1,U1164@DOM1
U7394@DOM1,U1480@DOM1
U7394@DOM1,U4448@DOM1
U7394@DOM1,U9947@DOM1
U250@DOM1,U995@DOM1
U250@DOM1,U8777@C3388
U250@DOM1,U288@DOM1
U250@DOM1,U7375@DOM1
U250@DOM1,U8777@C583
U250@DOM1,U8601@DOM1
U250@DOM1,U66@DOM1
U250@DOM1,U5087@DOM1
U250@DOM1,U342@DOM1
U250@DOM1,U642@DOM1
U250@DOM1,U5254@DOM1
U250@DOM1,U374@DOM1
U250@DOM1,U10379@C3521
U250@DOM1,U293@DOM1
U250@DOM1,U8946@DOM1
U250@DOM1,U4353@DOM1
U250@DOM1,U1164@DOM1
U250@DOM1,U1480@DOM1
U250@DOM1,U4448@DOM1
U250@DOM1,U9947@DOM1
U6764@DOM1,U207@DOM1
U6764@DOM1,U1519@DOM1
U6764@DOM1,U415@DOM1
U6764@DOM1,U1592@DOM1
U6764@DOM1,U7507@DOM1
U6764@DOM1,U8601@DOM1
U6764@DOM1,U66@DOM1
U6764@DOM1,U342@DOM1
U6764@DOM1,U5254@DOM1
U6764@DOM1,U78@DOM1
U6764@DOM1,U1289@DOM1
U6764@DOM1,U7004@C2519
U6764@DOM1,U1480@DOM1
U6764@DOM1,U1569@DOM1
U6764@DOM1,U4448@DOM1
U6764@DOM1,U3277@C2519
U207@DOM1,U1519@DOM1
U207@DOM1,U415@DOM1
U207@DOM1,U1592@DOM1
U207@DOM1,U7507@DOM1
U207@DOM1,U8601@DOM1
U207@DOM1,U66@DOM1
U207@DOM1,U342@DOM1
U207@DOM1,U5254@DOM1
U207@DOM1,U78@DOM1
U207@DOM1,U1289@DOM1
U207@DOM1,U7004@C2519
U207@DOM1,U1480@DOM1
U207@DOM1,U1569@DOM1
U207@DOM1,U4448@DOM1
U207@DOM1,U3277@C2519
U1519@DOM1,U415@DOM1
U1519@DOM1,U1592@DOM1
U1519@DOM1,U7507@DOM1
U1519@DOM1,U8601@DOM1
U1519@DOM1,U66@DOM1
U1519@DOM1,U342@DOM1
U1519@DOM1,U5254@DOM1
U1519@DOM1,U78@DOM1
U1519@DOM1,U1289@DOM1
U1519@DOM1,U7004@C2519
U1519@DOM1,U1480@DOM1
U1519@DOM1,U1569@DOM1
U1519@DOM1,U4448@DOM1
U1519@DOM1,U3277@C2519
U995@DOM1,U8777@C3388
U995@DOM1,U288@DOM1
U995@DOM1,U7375@DOM1
U995@DOM1,U8777@C583
U995@DOM1,U8601@DOM1
U995@DOM1,U66@DOM1
U995@DOM1,U5087@DOM1
U995@DOM1,U342@DOM1
U995@DOM1,U3406@DOM1
U995@DOM1,U642@DOM1
U995@DOM1,U5254@DOM1
U995@DOM1,U374@DOM1
U995@DOM1,U10379@C3521
U995@DOM1,U293@DOM1
U995@DOM1,U8946@DOM1
U995@DOM1,U4353@DOM1
U995@DOM1,U1164@DOM1
U995@DOM1,U1480@DOM1
U995@DOM1,U4448@DOM1
U995@DOM1,U9947@DOM1
U415@DOM1,U8777@C3388
U415@DOM1,U8170@DOM1
U415@DOM1,U524@DOM1
U415@DOM1,U1592@DOM1
U415@DOM1,U7507@DOM1
U415@DOM1,U8601@DOM1
U415@DOM1,U66@DOM1
U415@DOM1,U342@DOM1
U415@DOM1,U5254@DOM1
U415@DOM1,U78@DOM1
U415@DOM1,U1289@DOM1
U415@DOM1,U8840@DOM1
U415@DOM1,U7004@C2519
U415@DOM1,U1480@DOM1
U415@DOM1,U1569@DOM1
U415@DOM1,U679@DOM1
U415@DOM1,U4448@DOM1
U415@DOM1,U3277@C2519
U1025@DOM1,U8170@DOM1
U1025@DOM1,U7507@DOM1
U1025@DOM1,U66@DOM1
U1025@DOM1,U1480@DOM1
U1025@DOM1,U1569@DOM1
U1025@DOM1,U4448@DOM1
U1025@DOM1,U2758@DOM1
U8777@C3388,U8170@DOM1
U8777@C3388,U524@DOM1
U8777@C3388,U288@DOM1
U8777@C3388,U7375@DOM1
U8777@C3388,U8777@C583
U8777@C3388,U7507@DOM1
U8777@C3388,U8601@DOM1
U8777@C3388,U66@DOM1
U8777@C3388,U5087@DOM1
U8777@C3388,U342@DOM1
U8777@C3388,U642@DOM1
U8777@C3388,U5254@DOM1
U8777@C3388,U374@DOM1
U8777@C3388,U10379@C3521
U8777@C3388,U293@DOM1
U8777@C3388,U8946@DOM1
U8777@C3388,U4353@DOM1
U8777@C3388,U8840@DOM1
U8777@C3388,U1164@DOM1
U8777@C3388,U1480@DOM1
U8777@C3388,U679@DOM1
U8777@C3388,U4448@DOM1
U8777@C3388,U9947@DOM1
U8170@DOM1,U524@DOM1
U8170@DOM1,U7507@DOM1
U8170@DOM1,U8168@C19038
U8170@DOM1,U66@DOM1
U8170@DOM1,U8777@DOM1
U8170@DOM1,U8946@DOM1
U8170@DOM1,U8840@DOM1
U8170@DOM1,U1480@DOM1
U8170@DOM1,U1569@DOM1
U8170@DOM1,U679@DOM1
U8170@DOM1,U4448@DOM1
U8170@DOM1,U2758@DOM1
U524@DOM1,U7507@DOM1
U524@DOM1,U66@DOM1
U524@DOM1,U8840@DOM1
U524@DOM1,U679@DOM1
U288@DOM1,U7375@DOM1
U288@DOM1,U8777@C583
U288@DOM1,U8601@DOM1
U288@DOM1,U66@DOM1
U288@DOM1,U5087@DOM1
U288@DOM1,U342@DOM1
U288@DOM1,U642@DOM1
U288@DOM1,U5254@DOM1
U288@DOM1,U374@DOM1
U288@DOM1,U10379@C3521
U288@DOM1,U293@DOM1
U288@DOM1,U8946@DOM1
U288@DOM1,U4353@DOM1
U288@DOM1,U1164@DOM1
U288@DOM1,U1480@DOM1
U288@DOM1,U4448@DOM1
U288@DOM1,U9947@DOM1
U7375@DOM1,U8777@C583
U7375@DOM1,U8601@DOM1
U7375@DOM1,U66@DOM1
U7375@DOM1,U5087@DOM1
U7375@DOM1,U342@DOM1
U7375@DOM1,U642@DOM1
U7375@DOM1,U5254@DOM1
U7375@DOM1,U374@DOM1
U7375@DOM1,U10379@C3521
U7375@DOM1,U293@DOM1
U7375@DOM1,U8946@DOM1
U7375@DOM1,U4353@DOM1
U7375@DOM1,U1164@DOM1
U7375@DOM1,U1480@DOM1
U7375@DOM1,U4448@DOM1
U7375@DOM1,U3277@C2519
U7375@DOM1,U9947@DOM1
U1592@DOM1,U7507@DOM1
U1592@DOM1,U8601@DOM1
U1592@DOM1,U66@DOM1
U1592@DOM1,U342@DOM1
U1592@DOM1,U5254@DOM1
U1592@DOM1,U78@DOM1
U1592@DOM1,U1289@DOM1
U1592@DOM1,U7004@C2519
U1592@DOM1,U1480@DOM1
U1592@DOM1,U1569@DOM1
U1592@DOM1,U4448@DOM1
U1592@DOM1,U3277@C2519
U3486@DOM1,U374@DOM1
U8777@C583,U8601@DOM1
U8777@C583,U66@DOM1
U8777@C583,U5087@DOM1
U8777@C583,U342@DOM1
U8777@C583,U642@DOM1
U8777@C583,U5254@DOM1
U8777@C583,U374@DOM1
U8777@C583,U10379@C3521
U8777@C583,U293@DOM1
U8777@C583,U8946@DOM1
U8777@C583,U4353@DOM1
U8777@C583,U1164@DOM1
U8777@C583,U1480@DOM1
U8777@C583,U4448@DOM1
U8777@C583,U9947@DOM1
U7507@DOM1,U8601@DOM1
U7507@DOM1,U66@DOM1
U7507@DOM1,U342@DOM1
U7507@DOM1,U5254@DOM1
U7507@DOM1,U78@DOM1
U7507@DOM1,U1289@DOM1
U7507@DOM1,U8840@DOM1
U7507@DOM1,U7004@C2519
U7507@DOM1,U1480@DOM1
U7507@DOM1,U1569@DOM1
U7507@DOM1,U679@DOM1
U7507@DOM1,U4448@DOM1
U7507@DOM1,U3277@C2519
U7507@DOM1,U2758@DOM1
U8168@C19038,U8777@DOM1
U8168@C19038,U8946@DOM1
U8601@DOM1,U66@DOM1
U8601@DOM1,U5087@DOM1
U8601@DOM1,U342@DOM1
U8601@DOM1,U3406@DOM1
U8601@DOM1,U642@DOM1
U8601@DOM1,U5254@DOM1
U8601@DOM1,U374@DOM1
U8601@DOM1,U78@DOM1
U8601@DOM1,U10379@C3521
U8601@DOM1,U293@DOM1
U8601@DOM1,U8946@DOM1
U8601@DOM1,U1289@DOM1
U8601@DOM1,U4353@DOM1
U8601@DOM1,U7004@C2519
U8601@DOM1,U1164@DOM1
U8601@DOM1,U1480@DOM1
U8601@DOM1,U1569@DOM1
U8601@DOM1,U4448@DOM1
U8601@DOM1,U3277@C2519
U8601@DOM1,U9947@DOM1
U66@DOM1,U5087@DOM1
U66@DOM1,U342@DOM1
U66@DOM1,U3406@DOM1
U66@DOM1,U642@DOM1
U66@DOM1,U5254@DOM1
U66@DOM1,U374@DOM1
U66@DOM1,U78@DOM1
U66@DOM1,U10379@C3521
U66@DOM1,U293@DOM1
U66@DOM1,U8946@DOM1
U66@DOM1,U1289@DOM1
U66@DOM1,U4353@DOM1
U66@DOM1,U8840@DOM1
U66@DOM1,U3764@DOM1
U66@DOM1,U7004@C2519
U66@DOM1,U1164@DOM1
U66@DOM1,U1480@DOM1
U66@DOM1,U1569@DOM1
U66@DOM1,U679@DOM1
U66@DOM1,U4448@DOM1
U66@DOM1,U3277@C2519
U66@DOM1,U2758@DOM1
U66@DOM1,U9947@DOM1
U5087@DOM1,U342@DOM1
U5087@DOM1,U3406@DOM1
U5087@DOM1,U642@DOM1
U5087@DOM1,U5254@DOM1
U5087@DOM1,U374@DOM1
U5087@DOM1,U10379@C3521
U5087@DOM1,U293@DOM1
U5087@DOM1,U8946@DOM1
U5087@DOM1,U4353@DOM1
U5087@DOM1,U1164@DOM1
U5087@DOM1,U1480@DOM1
U5087@DOM1,U4448@DOM1
U5087@DOM1,U9947@DOM1
U342@DOM1,U3406@DOM1
U342@DOM1,U642@DOM1
U342@DOM1,U5254@DOM1
U342@DOM1,U374@DOM1
U342@DOM1,U78@DOM1
U342@DOM1,U10379@C3521
U342@DOM1,U293@DOM1
U342@DOM1,U8946@DOM1
U342@DOM1,U1289@DOM1
U342@DOM1,U4353@DOM1
U342@DOM1,U7004@C2519
U342@DOM1,U1164@DOM1
U342@DOM1,U1480@DOM1
U342@DOM1,U1569@DOM1
U342@DOM1,U4448@DOM1
U342@DOM1,U3277@C2519
U342@DOM1,U9947@DOM1
U3406@DOM1,U8777@DOM1
U3406@DOM1,U10379@C3521
U3406@DOM1,U293@DOM1
U3406@DOM1,U4448@DOM1
U620@DOM1,U748@DOM1
U642@DOM1,U5254@DOM1
U642@DOM1,U374@DOM1
U642@DOM1,U10379@C3521
U642@DOM1,U293@DOM1
U642@DOM1,U8946@DOM1
U642@DOM1,U4353@DOM1
U642@DOM1,U1164@DOM1
U642@DOM1,U1480@DOM1
U642@DOM1,U4448@DOM1
U642@DOM1,U9947@DOM1
U5254@DOM1,U374@DOM1
U5254@DOM1,U78@DOM1
U5254@DOM1,U10379@C3521
U5254@DOM1,U293@DOM1
U5254@DOM1,U8946@DOM1
U5254@DOM1,U1289@DOM1
U5254@DOM1,U4353@DOM1
U5254@DOM1,U7004@C2519
U5254@DOM1,U1164@DOM1
U5254@DOM1,U1480@DOM1
U5254@DOM1,U1569@DOM1
U5254@DOM1,U4448@DOM1
U5254@DOM1,U3277@C2519
U5254@DOM1,U9947@DOM1
U374@DOM1,U10379@C3521
U374@DOM1,U293@DOM1
U374@DOM1,U8946@DOM1
U374@DOM1,U4353@DOM1
U374@DOM1,U1164@DOM1
U374@DOM1,U1480@DOM1
U374@DOM1,U4448@DOM1
U374@DOM1,U9947@DOM1
U78@DOM1,U8777@DOM1
U78@DOM1,U1289@DOM1
U78@DOM1,U7004@C2519
U78@DOM1,U1480@DOM1
U78@DOM1,U1569@DOM1
U78@DOM1,U4448@DOM1
U78@DOM1,U3277@C2519
U8777@DOM1,U8946@DOM1
U10379@C3521,U293@DOM1
U10379@C3521,U8946@DOM1
U10379@C3521,U4353@DOM1
U10379@C3521,U1164@DOM1
U10379@C3521,U1480@DOM1
U10379@C3521,U4448@DOM1
U10379@C3521,U9947@DOM1
U293@DOM1,U8946@DOM1
U293@DOM1,U4353@DOM1
U293@DOM1,U1164@DOM1
U293@DOM1,U1480@DOM1
U293@DOM1,U4448@DOM1
U293@DOM1,U9947@DOM1
U8946@DOM1,U4353@DOM1
U8946@DOM1,U1164@DOM1
U8946@DOM1,U1480@DOM1
U8946@DOM1,U4448@DOM1
U8946@DOM1,U9947@DOM1
U1289@DOM1,U7004@C2519
U1289@DOM1,U1480@DOM1
U1289@DOM1,U1569@DOM1
U1289@DOM1,U4448@DOM1
U1289@DOM1,U3277@C2519
U4353@DOM1,U1164@DOM1
U4353@DOM1,U1480@DOM1
U4353@DOM1,U4448@DOM1
U4353@DOM1,U9947@DOM1
U8840@DOM1,U679@DOM1
U7004@C2519,U1480@DOM1
U7004@C2519,U1569@DOM1
U7004@C2519,U4448@DOM1
U7004@C2519,U3277@C2519
U1164@DOM1,U1480@DOM1
U1164@DOM1,U4448@DOM1
U1164@DOM1,U9947@DOM1
U1480@DOM1,U1569@DOM1
U1480@DOM1,U4448@DOM1
U1480@DOM1,U3277@C2519
U1480@DOM1,U2758@DOM1
U1480@DOM1,U9947@DOM1
U1569@DOM1,U4448@DOM1
U1569@DOM1,U3277@C2519
U1569@DOM1,U2758@DOM1
U4448@DOM1,U3277@C2519
U4448@DOM1,U2758@DOM1
U4448@DOM1,U9947@DOM1
